_id,gigsterApproved,pmApproved,seApproved
ObjectId(545bbbdd67c0a9020018a36b),%!s(bool=true),%!s(bool=true),%!s(bool=false)
ObjectId(545bbf562de18b0200566959),%!s(bool=false),,
ObjectId(545bebb5225a32020006ea02),%!s(bool=false),,
ObjectId(54612d874b4db002005e60fe),%!s(bool=false),%!s(bool=true),%!s(bool=false)
ObjectId(5461495456ff0302001a253d),%!s(bool=false),,
ObjectId(54614c7f56ff0302001a2542),%!s(bool=false),,
ObjectId(5461585356ff0302001a254a),%!s(bool=false),,
ObjectId(5461555f56ff0302001a2546),%!s(bool=false),%!s(bool=false),%!s(bool=false)
ObjectId(54615b9056ff0302001a254d),%!s(bool=false),,
ObjectId(54615bcb56ff0302001a254f),%!s(bool=false),,
ObjectId(54615d9256ff0302001a2557),%!s(bool=false),,
ObjectId(5461629056ff0302001a255b),%!s(bool=false),,
ObjectId(5461650a56ff0302001a255e),%!s(bool=false),,
ObjectId(54616a0a56ff0302001a2560),%!s(bool=false),,
ObjectId(54616c3156ff0302001a2564),%!s(bool=false),,
ObjectId(54616d0e56ff0302001a2566),%!s(bool=false),,
ObjectId(5461724156ff0302001a2571),%!s(bool=false),,
ObjectId(5461773f56ff0302001a2573),%!s(bool=false),,
ObjectId(54617eb056ff0302001a2575),%!s(bool=false),,
ObjectId(54617ff456ff0302001a2577),%!s(bool=false),,
ObjectId(54618a6956ff0302001a257c),%!s(bool=false),,
ObjectId(5461921b56ff0302001a257e),%!s(bool=false),,
ObjectId(5461991256ff0302001a2581),%!s(bool=false),,
ObjectId(54619fdf56ff0302001a2584),%!s(bool=false),,
ObjectId(5461a3ed56ff0302001a2586),%!s(bool=false),,
ObjectId(5461a4fd56ff0302001a2588),%!s(bool=false),,
ObjectId(5461a7fc56ff0302001a258a),%!s(bool=false),,
ObjectId(5461aedb56ff0302001a258c),%!s(bool=false),,
ObjectId(5461b0df56ff0302001a258e),%!s(bool=false),,
ObjectId(5461b46056ff0302001a2590),%!s(bool=false),,
ObjectId(5461c81756ff0302001a2595),%!s(bool=false),,
ObjectId(5462120356ff0302001a2597),%!s(bool=false),,
ObjectId(546251b156ff0302001a259b),%!s(bool=false),,
ObjectId(5463ead045c378020049881e),%!s(bool=false),,
ObjectId(546e5c529183fd0200a40eac),%!s(bool=false),,
ObjectId(546efd3a054bc2020027745d),%!s(bool=false),,
ObjectId(546efd54054bc2020027745e),%!s(bool=false),,
ObjectId(546efdc6054bc20200277460),%!s(bool=false),,
ObjectId(546efe44054bc20200277463),%!s(bool=false),,
ObjectId(546efe6d054bc20200277466),%!s(bool=false),,
ObjectId(546efe9a054bc20200277468),%!s(bool=true),%!s(bool=false),%!s(bool=false)
ObjectId(546efea7054bc2020027746a),%!s(bool=false),,
ObjectId(546effc7051add020079c679),%!s(bool=false),,
ObjectId(546f00d9051add020079c67d),%!s(bool=false),,
ObjectId(546f033c051add020079c68b),%!s(bool=false),,
ObjectId(546f0256051add020079c686),%!s(bool=false),,
ObjectId(546f0274051add020079c688),%!s(bool=false),%!s(bool=false),%!s(bool=false)
ObjectId(546f0403051add020079c68e),%!s(bool=false),,
ObjectId(546f04730ffa490200e2a0ca),%!s(bool=false),,
ObjectId(546f04ed0ffa490200e2a0cc),%!s(bool=false),,
ObjectId(546f059d0ffa490200e2a0cf),%!s(bool=false),,
ObjectId(546f088d165cf5020078f54d),%!s(bool=false),,
ObjectId(546f098f165cf5020078f551),%!s(bool=false),,
ObjectId(546f136ff4dad50200e03c38),%!s(bool=false),,
ObjectId(546f1385f4dad50200e03c39),%!s(bool=false),,
ObjectId(546f16f7f4dad50200e03c4e),%!s(bool=false),,
ObjectId(546f173bf4dad50200e03c50),%!s(bool=false),,
ObjectId(546f19e6f4dad50200e03c53),%!s(bool=false),,
ObjectId(546f1a65f4dad50200e03c55),%!s(bool=false),,
ObjectId(546f20a6f4dad50200e03c67),%!s(bool=false),,
ObjectId(546f2258f4dad50200e03c6e),%!s(bool=false),,
ObjectId(546f2350f4dad50200e03c70),%!s(bool=false),,
ObjectId(546f2779f4dad50200e03c7d),%!s(bool=false),,
ObjectId(546f2bddf4dad50200e03c94),%!s(bool=false),,
ObjectId(546f2cd0f4dad50200e03c9a),%!s(bool=false),,
ObjectId(546f30e1f4dad50200e03cae),%!s(bool=false),,
ObjectId(546f313ff4dad50200e03cb0),%!s(bool=false),,
ObjectId(546f3277f4dad50200e03ccd),%!s(bool=false),,
ObjectId(546f37b9f4dad50200e03d03),%!s(bool=false),,
ObjectId(546f37daf4dad50200e03d06),%!s(bool=false),,
ObjectId(546f3806f4dad50200e03d09),%!s(bool=false),,
ObjectId(546f38c9f4dad50200e03d0e),%!s(bool=false),,
ObjectId(546f3977f4dad50200e03d19),%!s(bool=false),,
ObjectId(546f39d0f4dad50200e03d1c),%!s(bool=false),,
ObjectId(546f39edf4dad50200e03d1d),%!s(bool=false),,
ObjectId(546f3ba9f4dad50200e03d27),%!s(bool=false),,
ObjectId(546f3c47f4dad50200e03d2e),%!s(bool=false),,
ObjectId(546f3e55f4dad50200e03d48),%!s(bool=false),,
ObjectId(546f3fa8f4dad50200e03d62),%!s(bool=false),,
ObjectId(546f4063f4dad50200e03d69),%!s(bool=false),,
ObjectId(546f4237f4dad50200e03d75),%!s(bool=false),,
ObjectId(546f4253f4dad50200e03d76),%!s(bool=false),,
ObjectId(546f4de9e1641202007d31dd),%!s(bool=false),,
ObjectId(546f4f31e1641202007d31e0),%!s(bool=false),,
ObjectId(546f5025e1641202007d31e5),%!s(bool=false),,
ObjectId(546f509be1641202007d31e6),%!s(bool=false),,
ObjectId(546f520fe1641202007d31ed),%!s(bool=false),,
ObjectId(546f5315e1641202007d31f5),%!s(bool=false),,
ObjectId(546f54e2e1641202007d31fa),%!s(bool=false),,
ObjectId(546f585ae1641202007d3208),%!s(bool=false),,
ObjectId(546f590fe1641202007d3214),%!s(bool=false),,
ObjectId(546f59a4e1641202007d3219),%!s(bool=false),,
ObjectId(546f5b3ee1641202007d3229),%!s(bool=false),,
ObjectId(546f5b74e1641202007d322f),%!s(bool=false),,
ObjectId(546f5bb6e1641202007d3233),%!s(bool=false),,
ObjectId(546f5ca1e1641202007d3239),%!s(bool=false),,
ObjectId(546f5cb2e1641202007d323a),%!s(bool=false),,
ObjectId(546f5e418ab9a90200f72e47),%!s(bool=false),,
ObjectId(546f5e4f8ab9a90200f72e48),%!s(bool=false),,
ObjectId(546f5e718ab9a90200f72e49),%!s(bool=false),,
ObjectId(546f5ece8ab9a90200f72e4d),%!s(bool=true),%!s(bool=false),%!s(bool=false)
ObjectId(546f5fda8ab9a90200f72e5b),%!s(bool=false),,
ObjectId(546f60a48ab9a90200f72e61),%!s(bool=false),,
ObjectId(546f60d38ab9a90200f72e64),%!s(bool=false),,
ObjectId(546f61148ab9a90200f72e6d),%!s(bool=false),,
ObjectId(546f62428ab9a90200f72e76),%!s(bool=false),,
ObjectId(546f63108ab9a90200f72e78),%!s(bool=false),%!s(bool=true),%!s(bool=false)
ObjectId(546f640f8ab9a90200f72e7d),%!s(bool=false),,
ObjectId(546f66788ab9a90200f72e88),%!s(bool=false),,
ObjectId(546f66c68ab9a90200f72e8e),%!s(bool=false),,
ObjectId(546f67488ab9a90200f72e95),%!s(bool=false),,
ObjectId(546f67648ab9a90200f72e98),%!s(bool=false),,
ObjectId(546f676e8ab9a90200f72e99),%!s(bool=false),,
ObjectId(546f67748ab9a90200f72e9a),%!s(bool=false),,
ObjectId(546f685b8ab9a90200f72ea1),%!s(bool=false),,
ObjectId(546f69088ab9a90200f72ead),%!s(bool=false),,
ObjectId(546f690f8ab9a90200f72eae),%!s(bool=false),,
ObjectId(546f6b388ab9a90200f72ecb),%!s(bool=false),,
ObjectId(546f6cad8ab9a90200f72ed0),%!s(bool=false),,
ObjectId(546f6db78ab9a90200f72ed7),%!s(bool=false),%!s(bool=false),%!s(bool=false)
ObjectId(546f6dbf8ab9a90200f72ed8),%!s(bool=false),,
ObjectId(546f6e1a8ab9a90200f72ede),%!s(bool=false),,
ObjectId(546f6f118ab9a90200f72eee),%!s(bool=false),,
ObjectId(546f6f8a8ab9a90200f72ef2),%!s(bool=false),,
ObjectId(546f6f8c8ab9a90200f72ef3),%!s(bool=false),,
ObjectId(546f70478ab9a90200f72f02),%!s(bool=false),,
ObjectId(546f72019a733902003db37c),%!s(bool=false),,
ObjectId(546f73409a733902003db390),%!s(bool=false),,
ObjectId(546f74da9a733902003db3b9),%!s(bool=false),,
ObjectId(546f763d9a733902003db3be),%!s(bool=false),,
ObjectId(546f767b9a733902003db3c3),%!s(bool=true),%!s(bool=false),%!s(bool=false)
ObjectId(546f788f9a733902003db3d0),%!s(bool=false),,
ObjectId(546f7b399a733902003db3e0),%!s(bool=false),,
ObjectId(546f7da09a733902003db3f7),%!s(bool=false),,
ObjectId(546f7e709a733902003db404),%!s(bool=false),,
ObjectId(546f7f359a733902003db40a),%!s(bool=false),,
ObjectId(546f836c9a733902003db456),%!s(bool=false),,
ObjectId(546f84419a733902003db460),%!s(bool=false),,
ObjectId(546f84ac9a733902003db465),%!s(bool=false),,
ObjectId(546f853c9a733902003db46f),%!s(bool=false),,
ObjectId(546f86f69a733902003db47b),%!s(bool=false),,
ObjectId(546f886c9a733902003db48d),%!s(bool=false),,
ObjectId(546f886d9a733902003db48e),%!s(bool=false),,
ObjectId(546f89de9a733902003db493),%!s(bool=false),,
ObjectId(546f8bcc9a733902003db49f),%!s(bool=false),,
ObjectId(546f8dc99a733902003db4a1),%!s(bool=false),,
ObjectId(546f8ec99a733902003db4a8),%!s(bool=false),,
ObjectId(546f8f219a733902003db4ab),%!s(bool=false),,
ObjectId(546f8fa29a733902003db4ae),%!s(bool=false),,
ObjectId(546f91f69a733902003db4b5),%!s(bool=false),,
ObjectId(546f92929a733902003db4b8),%!s(bool=false),,
ObjectId(546f93749a733902003db4ba),%!s(bool=false),,
ObjectId(546f957b9a733902003db4d2),%!s(bool=false),,
ObjectId(546f963aca3f2c0200d52e0b),%!s(bool=false),,
ObjectId(546f9ab1ca3f2c0200d52e1c),%!s(bool=false),,
ObjectId(546f9ac7ca3f2c0200d52e1d),%!s(bool=false),,
ObjectId(546f9b71ca3f2c0200d52e23),%!s(bool=false),,
ObjectId(546f9d8cca3f2c0200d52e2d),%!s(bool=false),,
ObjectId(546f9dafca3f2c0200d52e32),%!s(bool=false),,
ObjectId(546f9e59ca3f2c0200d52e49),%!s(bool=false),,
ObjectId(546f9f5eca3f2c0200d52e52),%!s(bool=true),%!s(bool=false),%!s(bool=false)
ObjectId(546fa070ca3f2c0200d52e56),%!s(bool=false),,
ObjectId(546fa12aca3f2c0200d52e5d),%!s(bool=true),%!s(bool=false),%!s(bool=false)
ObjectId(546fa979f65f5d0200855548),%!s(bool=false),,
ObjectId(546faab4f65f5d020085554c),%!s(bool=false),,
ObjectId(546fac98f65f5d020085556f),%!s(bool=false),,
ObjectId(546fad99f65f5d020085557b),%!s(bool=false),,
ObjectId(546fb44e0bce9a0200f45dff),%!s(bool=false),,
ObjectId(546fb45c0bce9a0200f45e01),%!s(bool=false),,
ObjectId(546fb4860bce9a0200f45e02),%!s(bool=false),,
ObjectId(546fb52b0bce9a0200f45e0a),%!s(bool=false),,
ObjectId(546fb91b0bce9a0200f45e1e),%!s(bool=false),,
ObjectId(546fb96e0bce9a0200f45e20),%!s(bool=false),,
ObjectId(546fb9ed0bce9a0200f45e24),%!s(bool=false),,
ObjectId(546fba3c0bce9a0200f45e27),%!s(bool=false),,
ObjectId(546fbc160bce9a0200f45e2b),%!s(bool=false),,
ObjectId(546fbc600bce9a0200f45e30),%!s(bool=false),,
ObjectId(546fbd952336b30200a6a263),%!s(bool=false),,
ObjectId(546fbe002336b30200a6a265),%!s(bool=false),,
ObjectId(546fbf523e59fc0200603554),%!s(bool=false),,
ObjectId(546fbf593e59fc0200603555),%!s(bool=false),,
ObjectId(546fc0d93e59fc0200603558),%!s(bool=false),,
ObjectId(546fc2333e59fc0200603561),%!s(bool=false),,
ObjectId(546fc2e63e59fc0200603565),%!s(bool=false),,
ObjectId(546fc3333e59fc0200603566),%!s(bool=false),,
ObjectId(546fc6d13e59fc0200603573),%!s(bool=false),,
ObjectId(546fc8363e59fc020060357a),%!s(bool=false),,
ObjectId(546fcf2f70a15f02006f326a),%!s(bool=false),,
ObjectId(546fd5d970a15f02006f3274),%!s(bool=false),,
ObjectId(546fdc8270a15f02006f3280),%!s(bool=false),,
ObjectId(546fdeca70a15f02006f3287),%!s(bool=false),,
ObjectId(546fe15e70a15f02006f328f),%!s(bool=false),,
ObjectId(546fe5e870a15f02006f329e),%!s(bool=false),,
ObjectId(546feb8f70a15f02006f32a7),%!s(bool=false),,
ObjectId(546feead70a15f02006f32b0),%!s(bool=true),%!s(bool=false),%!s(bool=false)
ObjectId(546ff492d4d6480200587098),%!s(bool=false),,
ObjectId(546ff733d4d64802005870a2),%!s(bool=false),,
ObjectId(546ffbded4d64802005870ac),%!s(bool=false),,
ObjectId(546ffd4ed4d64802005870b0),%!s(bool=false),,
ObjectId(547000d2d4d64802005870ba),%!s(bool=false),,
ObjectId(547000e1d4d64802005870bb),%!s(bool=false),,
ObjectId(5470175fd4d64802005870d6),%!s(bool=false),,
ObjectId(54703091d4d64802005870f4),%!s(bool=true),%!s(bool=false),%!s(bool=false)
ObjectId(547030d8d4d64802005870f6),%!s(bool=false),,
ObjectId(547035ced4d6480200587100),%!s(bool=false),,
ObjectId(54704b3bd4d6480200587114),%!s(bool=false),,
ObjectId(54705280d4d648020058711d),%!s(bool=false),,
ObjectId(547053d3d4d6480200587120),%!s(bool=false),,
ObjectId(547056b0d4d6480200587123),%!s(bool=false),,
ObjectId(547064cad4d648020058712c),%!s(bool=false),,
ObjectId(54707a39d4d648020058713a),%!s(bool=false),,
ObjectId(54708b2bd4d648020058714b),%!s(bool=false),,
ObjectId(547092f1d4d6480200587150),%!s(bool=false),,
ObjectId(547093d4d4d6480200587152),%!s(bool=false),,
ObjectId(54709f65d4d648020058715a),%!s(bool=false),,
ObjectId(5470a32bd4d648020058715d),%!s(bool=false),,
ObjectId(5470a877d4d6480200587160),%!s(bool=false),,
ObjectId(5470acdad4d6480200587168),%!s(bool=false),,
ObjectId(5470b420d4d648020058716c),%!s(bool=false),,
ObjectId(5470b8e5d4d6480200587174),%!s(bool=false),,
ObjectId(5470d1cdd4d648020058718a),%!s(bool=false),,
ObjectId(5470d792d4d648020058718d),%!s(bool=false),,
ObjectId(5470e351f2b1c80200973837),%!s(bool=false),,
ObjectId(5470e57af2b1c8020097383e),%!s(bool=false),,
ObjectId(5470e5baf2b1c80200973841),%!s(bool=false),,
ObjectId(5470f342f2b1c80200973853),%!s(bool=false),,
ObjectId(5470fb77f2b1c8020097385e),%!s(bool=false),%!s(bool=false),%!s(bool=false)
ObjectId(54710a36f2b1c8020097386e),%!s(bool=false),,
ObjectId(54711d73f2b1c80200973876),%!s(bool=false),,
ObjectId(54712c6ff2b1c8020097387f),%!s(bool=false),,
ObjectId(54717616f2b1c802009738b2),%!s(bool=false),,
ObjectId(54718de3f2b1c802009738bb),%!s(bool=false),,
ObjectId(547192f7f2b1c802009738bd),%!s(bool=false),,
ObjectId(5471ac62f2b1c802009738c6),%!s(bool=false),,
ObjectId(5471bc91f2b1c802009738d3),%!s(bool=false),,
ObjectId(5471ebc5f2b1c802009738db),%!s(bool=false),,
ObjectId(5471f643f2b1c802009738df),%!s(bool=false),,
ObjectId(547203bcf2b1c802009738e7),%!s(bool=false),,
ObjectId(54721ce6f2b1c802009738ea),%!s(bool=false),,
ObjectId(5472431640b8e10200dad566),%!s(bool=false),,
ObjectId(5472580340b8e10200dad573),%!s(bool=false),,
ObjectId(54725e7440b8e10200dad57d),%!s(bool=false),,
ObjectId(547260ef40b8e10200dad585),%!s(bool=false),,
ObjectId(5472764240b8e10200dad58d),%!s(bool=false),,
ObjectId(54727f6140b8e10200dad58f),%!s(bool=false),,
ObjectId(54728fe840b8e10200dad594),%!s(bool=false),,
ObjectId(5472b6fa40b8e10200dad5a4),%!s(bool=false),,
ObjectId(5472fe0140b8e10200dad5b8),%!s(bool=false),,
ObjectId(547345a540b8e10200dad5d9),%!s(bool=false),,
ObjectId(547345db40b8e10200dad5db),%!s(bool=false),,
ObjectId(547348ca40b8e10200dad5de),%!s(bool=false),,
ObjectId(5473499e40b8e10200dad5e0),%!s(bool=false),,
ObjectId(54734a9b40b8e10200dad5e2),%!s(bool=false),,
ObjectId(5473529b40b8e10200dad5ec),%!s(bool=false),,
ObjectId(547352de40b8e10200dad5ef),%!s(bool=false),,
ObjectId(547352f440b8e10200dad5f1),%!s(bool=false),,
ObjectId(5473533b40b8e10200dad5f9),%!s(bool=false),,
ObjectId(547353d740b8e10200dad60b),%!s(bool=true),%!s(bool=false),%!s(bool=false)
ObjectId(5473545940b8e10200dad614),%!s(bool=false),,
ObjectId(547354cb40b8e10200dad61a),%!s(bool=false),,
ObjectId(547355c940b8e10200dad621),%!s(bool=false),,
ObjectId(5473561640b8e10200dad626),%!s(bool=false),,
ObjectId(547357d240b8e10200dad635),%!s(bool=false),,
ObjectId(5473584740b8e10200dad638),%!s(bool=false),,
ObjectId(547358b440b8e10200dad63a),%!s(bool=false),,
ObjectId(54735a5440b8e10200dad648),%!s(bool=false),,
ObjectId(54735af340b8e10200dad64b),%!s(bool=false),,
ObjectId(547363c340b8e10200dad669),%!s(bool=false),,
ObjectId(5473691540b8e10200dad677),%!s(bool=false),,
ObjectId(5473715f40b8e10200dad67f),%!s(bool=true),%!s(bool=false),%!s(bool=false)
ObjectId(547372c040b8e10200dad681),%!s(bool=false),,
ObjectId(5473796e40b8e10200dad68f),%!s(bool=false),,
ObjectId(5473849940b8e10200dad6a0),%!s(bool=false),,
ObjectId(547388f140b8e10200dad6aa),%!s(bool=false),,
ObjectId(54738b1840b8e10200dad6ad),%!s(bool=false),,
ObjectId(54738d9440b8e10200dad6b5),%!s(bool=true),%!s(bool=false),%!s(bool=false)
ObjectId(5473958640b8e10200dad6c5),%!s(bool=false),,
ObjectId(5473a41fc3295f02000e9289),%!s(bool=false),,
ObjectId(5473d6a4c3295f02000e92c0),%!s(bool=false),,
ObjectId(5473ea74c3295f02000e92cc),%!s(bool=false),,
ObjectId(5473f27cc3295f02000e92d7),%!s(bool=false),,
ObjectId(5473f5f6c3295f02000e92e7),%!s(bool=false),%!s(bool=false),%!s(bool=false)
ObjectId(54743c19c3295f02000e9300),%!s(bool=false),,
ObjectId(54744f8bc3295f02000e9303),%!s(bool=false),,
ObjectId(54746448c3295f02000e930a),%!s(bool=false),,
ObjectId(547469b4c3295f02000e930c),%!s(bool=false),,
ObjectId(5474776dc3295f02000e9316),%!s(bool=false),,
ObjectId(547479c2c3295f02000e9318),%!s(bool=false),,
ObjectId(547484eec3295f02000e931b),%!s(bool=false),,
ObjectId(54748927c3295f02000e931d),%!s(bool=false),,
ObjectId(5474914dc3295f02000e9324),%!s(bool=false),,
ObjectId(5474993ec3295f02000e9331),%!s(bool=false),,
ObjectId(54749d82c3295f02000e9335),%!s(bool=false),,
ObjectId(5474a9cec3295f02000e933b),%!s(bool=false),,
ObjectId(5474adc6c3295f02000e9340),%!s(bool=false),,
ObjectId(5474d7c5c3295f02000e934a),%!s(bool=false),,
ObjectId(5474df33434aa00200fb884a),%!s(bool=true),%!s(bool=false),%!s(bool=false)
ObjectId(54756969434aa00200fb887a),%!s(bool=false),,
ObjectId(54758512434aa00200fb8883),%!s(bool=false),,
ObjectId(5475920b434aa00200fb8886),%!s(bool=false),,
ObjectId(547599be434aa00200fb8888),%!s(bool=false),,
ObjectId(54759ca1434aa00200fb888b),%!s(bool=false),,
ObjectId(5475fcf4434aa00200fb8890),%!s(bool=false),,
ObjectId(54760128434aa00200fb8893),%!s(bool=false),,
ObjectId(5476461427d7eb0200c93df4),%!s(bool=false),,
ObjectId(5476784027d7eb0200c93dfd),%!s(bool=false),,
ObjectId(54768ea427d7eb0200c93e00),%!s(bool=false),,
ObjectId(54770e5927d7eb0200c93e0d),%!s(bool=false),,
ObjectId(54771d9d27d7eb0200c93e0f),%!s(bool=false),,
ObjectId(54779677c86e1902005c9575),%!s(bool=false),,
ObjectId(5478d4f1e4ed3a0200d65450),%!s(bool=true),%!s(bool=false),%!s(bool=false)
ObjectId(54791b0ae4ed3a0200d65453),%!s(bool=false),,
ObjectId(5479f7eae4ed3a0200d65464),%!s(bool=false),,
ObjectId(547d34fe948d330200c2349d),%!s(bool=true),%!s(bool=false),%!s(bool=false)
ObjectId(547e96af7ca71702001c8e17),%!s(bool=false),,
ObjectId(5480984b05c1a902009a2e77),%!s(bool=false),,
ObjectId(5480b63d05c1a902009a2e7d),%!s(bool=false),,
ObjectId(5482307c87ae8f0200153271),%!s(bool=false),,
ObjectId(54825d9204aef402004e9396),%!s(bool=false),,
ObjectId(54829117a9e07f02002b3e28),%!s(bool=false),,
ObjectId(5483666c3416bb02006aed99),%!s(bool=false),,
ObjectId(5484d00de71a4602000e1a00),%!s(bool=false),,
ObjectId(54850f7de71a4602000e1a11),%!s(bool=false),,
ObjectId(548584dfe71a4602000e1a15),%!s(bool=false),,
ObjectId(54876753514a45020071633e),%!s(bool=false),,
ObjectId(5487e567514a450200716345),%!s(bool=false),,
ObjectId(5487fa0d514a45020071634c),%!s(bool=false),,
ObjectId(5488073c514a450200716350),%!s(bool=false),,
ObjectId(5488816df3f72002002c8fae),%!s(bool=false),,
ObjectId(5488a99adc41d202000e89b8),%!s(bool=false),,
ObjectId(5488ce31680d0602001e70a4),%!s(bool=true),%!s(bool=false),%!s(bool=false)
ObjectId(5489387e680d0602001e70cb),%!s(bool=false),,
ObjectId(5489c577680d0602001e70f5),%!s(bool=false),,
ObjectId(548fe69fb0a6690200affd59),%!s(bool=false),,
ObjectId(548fe69fb0a6690200affd5a),%!s(bool=false),,
ObjectId(54924e8fa078fc02004fe28d),%!s(bool=false),,
ObjectId(54948a6a6d61a5020037e54a),%!s(bool=false),,
ObjectId(54988b03315fe3020021397e),%!s(bool=true),%!s(bool=false),%!s(bool=false)
ObjectId(5499cb9ed8857102005234cd),%!s(bool=false),,
ObjectId(549f0a0a7f131c0200ae5e00),%!s(bool=false),,
ObjectId(54a533cda21cb802005b7fe6),%!s(bool=false),,
ObjectId(54aa21a4820c260200aae9d2),%!s(bool=false),,
ObjectId(54b148ec532a570200b27f59),%!s(bool=false),,
ObjectId(54b167ff532a570200b27f5b),%!s(bool=false),,
ObjectId(54b1f8c52c33c902009f3029),%!s(bool=false),,
ObjectId(54c9c2e9ce9bbf03005edc5f),%!s(bool=false),,
ObjectId(54c9c7cece9bbf03005edc62),%!s(bool=false),,
ObjectId(54c9d6bd5f5cda030067f3a2),%!s(bool=false),,
ObjectId(54ca7a555f5cda030067f3a6),%!s(bool=false),,
ObjectId(54ca9fadaed03d03009baf0a),%!s(bool=false),,
ObjectId(54cb2c4aaed03d03009baf12),%!s(bool=false),,
ObjectId(54cc0b796a98c303008073b9),%!s(bool=false),,
ObjectId(54cc1af16a98c303008073bd),%!s(bool=false),,
ObjectId(54cd6ec66a211e0300c74a08),%!s(bool=false),,
ObjectId(54cee8bd6b773a0300da4cc5),%!s(bool=false),,
ObjectId(54d08d8a60644803001b6d7f),%!s(bool=false),,
ObjectId(54d0e97460644803001b6d83),%!s(bool=false),,
ObjectId(54d12c3360644803001b6d86),%!s(bool=false),,
ObjectId(54d1508660644803001b6d8b),%!s(bool=false),,
ObjectId(54d1522d60644803001b6d8e),%!s(bool=false),,
ObjectId(54d1590b60644803001b6d91),%!s(bool=false),,
ObjectId(54d1906ec2c50a03002c8907),%!s(bool=false),,
ObjectId(54d1a684c2c50a03002c890b),%!s(bool=false),,
ObjectId(54d1ccd8c2c50a03002c890e),%!s(bool=false),,
ObjectId(54d3904da0baa403001f7f7a),%!s(bool=false),,
ObjectId(54d6bcb6b203c90300fb13b7),%!s(bool=false),,
ObjectId(54d837afea2af40300d4940c),%!s(bool=false),,
ObjectId(54d8b182ea2af40300d4940e),%!s(bool=false),,
ObjectId(54d9e97b2b777003005aebb8),%!s(bool=false),,
ObjectId(54da34b7d5fa5a03002f2b1d),%!s(bool=false),,
ObjectId(54da67cbd5fa5a03002f2b22),%!s(bool=false),,
ObjectId(54db1769d5fa5a03002f2b25),%!s(bool=false),,
ObjectId(54dc217b5c058e030068b19d),%!s(bool=false),,
ObjectId(54de8e2f6effeb03004cb268),%!s(bool=false),,
ObjectId(54df3807bdec7a0300badb69),%!s(bool=false),,
ObjectId(54e3647bb0a7ed0300e53262),%!s(bool=false),,
ObjectId(54e3d0a7b0a7ed0300e53269),%!s(bool=true),%!s(bool=false),%!s(bool=false)
ObjectId(54e3ebecb0a7ed0300e5326b),%!s(bool=false),,
ObjectId(54e431c9b0a7ed0300e5326e),%!s(bool=false),,
ObjectId(54e443cdb0a7ed0300e53271),%!s(bool=false),,
ObjectId(54e6a3e2f201370300571322),%!s(bool=false),,
ObjectId(54e7a4bb3b78830300512a39),%!s(bool=false),,
ObjectId(54ed3d87b2879a0300431a04),%!s(bool=true),%!s(bool=false),%!s(bool=false)
ObjectId(54edc5afc9870203009fa7c4),%!s(bool=false),%!s(bool=false),
ObjectId(54ef93f89a637a0300d4f0d3),%!s(bool=false),%!s(bool=false),
ObjectId(54efa1929a637a0300d4f0e1),%!s(bool=false),%!s(bool=false),
ObjectId(54f4a2f3e6cfeb0300cc0ad7),%!s(bool=false),%!s(bool=false),
ObjectId(54f52276f2f5ab030024db83),%!s(bool=false),%!s(bool=true),%!s(bool=false)
ObjectId(54f737c856d68d0300344f83),%!s(bool=false),%!s(bool=false),
ObjectId(54f8a35cab2d580300fbe98f),%!s(bool=false),%!s(bool=true),%!s(bool=false)
ObjectId(54f8e6eb7045d303004a14db),%!s(bool=false),%!s(bool=true),%!s(bool=false)
ObjectId(54fa4de03ebe8c03003ce38e),%!s(bool=true),%!s(bool=false),%!s(bool=false)
ObjectId(54fa677af8ed670300431b8b),%!s(bool=false),%!s(bool=false),%!s(bool=false)
ObjectId(54fb89cff8ed670300431b98),%!s(bool=true),%!s(bool=true),%!s(bool=false)
ObjectId(54fd200ff4bfe10300a44acb),%!s(bool=false),%!s(bool=false),
ObjectId(55072b1576ebba0300449b7a),%!s(bool=false),%!s(bool=false),
ObjectId(550b64e027cf4f0300e3bee3),%!s(bool=false),%!s(bool=false),
ObjectId(550b8a910b99fe030019df94),%!s(bool=false),%!s(bool=false),
ObjectId(550f30d8c2c476030073de3e),%!s(bool=false),%!s(bool=false),
ObjectId(5512f669f30d3603003689a4),%!s(bool=false),%!s(bool=false),
ObjectId(5513cfc7c111b10300fe1861),%!s(bool=false),%!s(bool=false),
ObjectId(55163aab6f1a1e0300b7cb18),%!s(bool=false),%!s(bool=false),
ObjectId(55163bdbb484b103001b830f),%!s(bool=false),%!s(bool=false),
ObjectId(55183ffd25ab76030072707c),%!s(bool=false),%!s(bool=false),
ObjectId(551a51ea9959c903003b4108),%!s(bool=false),%!s(bool=false),
ObjectId(551b885f9959c903003b412b),%!s(bool=false),%!s(bool=true),%!s(bool=false)
ObjectId(551bb7d67f5f370300743432),%!s(bool=false),%!s(bool=false),
ObjectId(551c48897f5f370300743445),%!s(bool=false),%!s(bool=false),
ObjectId(551c53bc57e19f030010c513),%!s(bool=false),%!s(bool=false),
ObjectId(551cb7f357e19f030010c51d),%!s(bool=false),%!s(bool=false),
ObjectId(551cbe5a7f5f370300743451),%!s(bool=true),%!s(bool=false),%!s(bool=false)
ObjectId(551cd74f7f5f370300743453),%!s(bool=false),%!s(bool=false),
ObjectId(551ce64857e19f030010c524),%!s(bool=true),%!s(bool=false),
ObjectId(551f47ecb21f3e03005b5944),%!s(bool=false),%!s(bool=false),
ObjectId(55205b0f42130f03001bbdd2),%!s(bool=false),%!s(bool=false),
ObjectId(552196ba025ceb0300c458b2),%!s(bool=false),%!s(bool=false),
ObjectId(55237a0a03099b03007bd04f),%!s(bool=false),%!s(bool=false),
ObjectId(552595b9bb22f90300e342f5),%!s(bool=false),%!s(bool=false),
ObjectId(55261ff14a85be030014cad1),%!s(bool=false),%!s(bool=false),
ObjectId(5527a13cfadc550300be1428),%!s(bool=false),%!s(bool=false),
ObjectId(552be6a6d4ef130300e089f6),%!s(bool=false),%!s(bool=false),
ObjectId(552bf2aad4ef130300e089f9),%!s(bool=false),%!s(bool=false),
ObjectId(552e8000c099ed0300ad8249),%!s(bool=false),%!s(bool=false),
ObjectId(552f222cc099ed0300ad8252),%!s(bool=true),%!s(bool=false),%!s(bool=false)
ObjectId(552f2366c099ed0300ad8254),%!s(bool=true),%!s(bool=false),%!s(bool=false)
ObjectId(5531770d75f5b903006fe263),%!s(bool=false),%!s(bool=false),
ObjectId(5534c3334f626f03006aa5c7),%!s(bool=false),%!s(bool=false),
ObjectId(5534c3714f626f03006aa5c9),%!s(bool=false),%!s(bool=false),
ObjectId(5535e99b4f626f03006aa5ea),%!s(bool=true),%!s(bool=false),%!s(bool=false)
ObjectId(55365a1f32612f03000aa66e),%!s(bool=false),%!s(bool=false),
ObjectId(5536e15d32612f03000aa67d),%!s(bool=false),%!s(bool=false),
ObjectId(5538044a871a3b0300b09a29),%!s(bool=false),%!s(bool=false),
ObjectId(55395867d93fc203001ae7fa),%!s(bool=false),%!s(bool=false),
ObjectId(5539ecbad93fc203001ae807),%!s(bool=false),%!s(bool=false),
ObjectId(553bd6c50706c00300722046),%!s(bool=false),%!s(bool=false),%!s(bool=false)
ObjectId(553d2f43799326030063bc22),%!s(bool=false),%!s(bool=false),%!s(bool=false)
ObjectId(553e9ee932ca1c0300f08256),%!s(bool=false),%!s(bool=false),%!s(bool=false)
ObjectId(553f67f87d810103008a32af),%!s(bool=false),%!s(bool=false),%!s(bool=false)
ObjectId(5540c220c255ad03005a6060),%!s(bool=false),%!s(bool=false),%!s(bool=false)
ObjectId(55432b915b4260030000a6ca),%!s(bool=false),%!s(bool=false),%!s(bool=false)
ObjectId(5543dbbd5b4260030000a6cf),%!s(bool=true),%!s(bool=false),%!s(bool=false)
ObjectId(5547be1a85ae8f0300d3ff8c),%!s(bool=false),%!s(bool=false),%!s(bool=false)
ObjectId(5547c1df85ae8f0300d3ff8e),%!s(bool=true),%!s(bool=false),%!s(bool=false)
ObjectId(554c37f7f92baf03008d9037),%!s(bool=false),%!s(bool=false),%!s(bool=false)
ObjectId(554e54d812d6ea030076732a),%!s(bool=true),%!s(bool=false),%!s(bool=false)
ObjectId(554fb48d231fd403000041e0),%!s(bool=false),%!s(bool=false),%!s(bool=false)
ObjectId(55508ad991da7a03002ec0cc),%!s(bool=true),%!s(bool=false),%!s(bool=false)
ObjectId(5552826f90400703008494f3),%!s(bool=false),%!s(bool=false),%!s(bool=false)
ObjectId(5554345e5482cf0300d2e763),%!s(bool=true),%!s(bool=true),%!s(bool=false)
ObjectId(555a3dd4f8bda60300a5ff07),%!s(bool=false),%!s(bool=false),%!s(bool=false)
ObjectId(555da297faeb4e0300407b4d),%!s(bool=false),%!s(bool=false),%!s(bool=false)
ObjectId(555e66f4faeb4e0300407b50),%!s(bool=false),%!s(bool=false),%!s(bool=false)
ObjectId(5564a487e16301030030a887),%!s(bool=false),%!s(bool=false),%!s(bool=false)
ObjectId(5565e1a4ae85290300d48b3e),%!s(bool=true),%!s(bool=false),%!s(bool=false)
ObjectId(5565f116ae85290300d48b4c),%!s(bool=false),%!s(bool=false),%!s(bool=false)
ObjectId(5565f39aae85290300d48b4e),%!s(bool=false),%!s(bool=false),%!s(bool=false)
ObjectId(5565f543ae85290300d48b50),%!s(bool=false),%!s(bool=false),%!s(bool=false)
ObjectId(55660856ae85290300d48b55),%!s(bool=true),%!s(bool=false),%!s(bool=false)
ObjectId(5566102aae85290300d48b5a),%!s(bool=false),%!s(bool=false),%!s(bool=false)
ObjectId(556610a6ae85290300d48b5c),%!s(bool=false),%!s(bool=false),%!s(bool=false)
ObjectId(556626df685c2b0300fad90f),%!s(bool=false),%!s(bool=false),%!s(bool=false)
ObjectId(5566335b685c2b0300fad914),%!s(bool=false),%!s(bool=false),%!s(bool=false)
ObjectId(5566489d685c2b0300fad919),%!s(bool=true),%!s(bool=false),%!s(bool=false)
ObjectId(5566bf84d966a2030009d080),%!s(bool=false),%!s(bool=false),%!s(bool=false)
ObjectId(5566cb05d966a2030009d085),%!s(bool=false),%!s(bool=false),%!s(bool=false)
ObjectId(5566ed27d966a2030009d08a),%!s(bool=false),%!s(bool=false),%!s(bool=false)
ObjectId(556704cdd966a2030009d092),%!s(bool=false),%!s(bool=false),%!s(bool=false)
ObjectId(55670751d966a2030009d094),%!s(bool=false),%!s(bool=false),%!s(bool=false)
ObjectId(55674214d966a2030009d09c),%!s(bool=false),%!s(bool=false),%!s(bool=false)
ObjectId(5568fde84bc9b4030069b34e),%!s(bool=false),%!s(bool=false),%!s(bool=false)
ObjectId(556972b8a57601030077301a),%!s(bool=false),%!s(bool=false),%!s(bool=false)
ObjectId(556a0ab9a576010300773025),%!s(bool=false),%!s(bool=false),%!s(bool=false)
ObjectId(556a0cffa576010300773027),%!s(bool=false),%!s(bool=false),%!s(bool=false)
ObjectId(556c71bc85ade803002855ac),%!s(bool=true),%!s(bool=false),%!s(bool=false)
ObjectId(556c926285ade803002855b4),%!s(bool=false),%!s(bool=false),%!s(bool=false)
ObjectId(556d72d383895b0300caabba),%!s(bool=true),%!s(bool=false),%!s(bool=false)
ObjectId(556e0bb4b5071003002bce3a),%!s(bool=false),%!s(bool=false),%!s(bool=false)
ObjectId(556fbb410530190300fa1445),%!s(bool=false),%!s(bool=false),%!s(bool=false)
ObjectId(5570c23d0530190300fa1459),%!s(bool=false),%!s(bool=false),%!s(bool=false)
ObjectId(5572331fd681f40300abc0a3),%!s(bool=false),%!s(bool=false),%!s(bool=false)
ObjectId(5574eda30c64d00300f3e5f1),%!s(bool=false),%!s(bool=false),%!s(bool=false)
ObjectId(5576d0d789ec540300acee7e),%!s(bool=true),%!s(bool=true),%!s(bool=false)
ObjectId(5576f28d89ec540300acee80),%!s(bool=true),%!s(bool=false),%!s(bool=false)
ObjectId(5577a8f13b09ac0300d45208),%!s(bool=true),%!s(bool=false),%!s(bool=false)
ObjectId(5579e060e5010e0300a9c471),%!s(bool=false),%!s(bool=false),%!s(bool=false)
ObjectId(557a0f64e5010e0300a9c473),%!s(bool=true),%!s(bool=false),%!s(bool=false)
ObjectId(557a15c9e5010e0300a9c475),%!s(bool=false),%!s(bool=false),%!s(bool=false)
ObjectId(557a358be5010e0300a9c477),%!s(bool=false),%!s(bool=true),%!s(bool=false)
ObjectId(557eb9d05b801f03007311ef),%!s(bool=true),%!s(bool=false),%!s(bool=false)
ObjectId(557eba695b801f03007311f1),%!s(bool=false),%!s(bool=false),%!s(bool=false)
ObjectId(557ed9325b801f03007311f3),%!s(bool=false),%!s(bool=false),%!s(bool=false)
ObjectId(557f3a5b5b801f03007311fe),%!s(bool=false),%!s(bool=false),%!s(bool=false)
ObjectId(557faf414106640300c85ed3),%!s(bool=false),%!s(bool=false),%!s(bool=false)
ObjectId(55803eb14106640300c85ed5),%!s(bool=false),%!s(bool=false),%!s(bool=false)
ObjectId(5580834777e0d10300d51ff9),%!s(bool=true),%!s(bool=false),%!s(bool=false)
ObjectId(558087b877e0d10300d51ffb),%!s(bool=false),%!s(bool=false),%!s(bool=false)
ObjectId(5580de6a77e0d10300d52004),%!s(bool=false),%!s(bool=false),%!s(bool=false)
ObjectId(5581d53da46105030016b708),%!s(bool=true),%!s(bool=false),%!s(bool=false)
ObjectId(558378f985e5790300b93fb5),%!s(bool=false),%!s(bool=false),%!s(bool=false)
ObjectId(558449c985e5790300b93fc9),%!s(bool=false),%!s(bool=false),%!s(bool=false)
ObjectId(55848cbd85e5790300b93fcb),%!s(bool=false),%!s(bool=false),%!s(bool=false)
ObjectId(5586f5db9a8ccc030079e98d),%!s(bool=false),%!s(bool=false),%!s(bool=false)
ObjectId(558755759a8ccc030079e98f),%!s(bool=false),%!s(bool=false),%!s(bool=false)
ObjectId(5588c5386d49430300f2e9ef),%!s(bool=false),%!s(bool=false),%!s(bool=false)
ObjectId(558989708fbde803009d1d53),%!s(bool=false),%!s(bool=false),%!s(bool=false)
ObjectId(558997128fbde803009d1d55),%!s(bool=false),%!s(bool=false),%!s(bool=false)
ObjectId(558ac2f231e5a9030028c227),%!s(bool=false),%!s(bool=false),%!s(bool=false)
ObjectId(558b098e31e5a9030028c229),%!s(bool=false),%!s(bool=false),%!s(bool=false)
ObjectId(558c1dde509b830300dd8eff),%!s(bool=false),%!s(bool=false),%!s(bool=false)
ObjectId(558c4247509b830300dd8f01),%!s(bool=true),%!s(bool=false),%!s(bool=false)
ObjectId(558d473124ae160300193316),%!s(bool=false),%!s(bool=false),%!s(bool=false)
ObjectId(558f70b5f6cab9030092b382),%!s(bool=true),%!s(bool=false),%!s(bool=false)
ObjectId(5590711aa315430300686a71),%!s(bool=true),%!s(bool=false),%!s(bool=false)
ObjectId(55924ba7a08d8b030022230b),%!s(bool=true),%!s(bool=false),%!s(bool=false)
ObjectId(55933bd9672e2503000069ee),%!s(bool=true),%!s(bool=false),%!s(bool=false)
ObjectId(55938e5d672e2503000069f6),%!s(bool=false),%!s(bool=false),%!s(bool=false)
ObjectId(55946d87672e2503000069fc),%!s(bool=false),%!s(bool=false),%!s(bool=false)
ObjectId(5594956b85ee3903001efaea),%!s(bool=false),%!s(bool=false),%!s(bool=false)
ObjectId(5594c5e385ee3903001efaef),%!s(bool=true),%!s(bool=false),%!s(bool=false)
ObjectId(5594d35e85ee3903001efaf1),%!s(bool=false),%!s(bool=false),%!s(bool=false)
ObjectId(5594e33a85ee3903001efaf3),%!s(bool=true),%!s(bool=false),%!s(bool=false)
ObjectId(5596b53d4175a003004ca663),%!s(bool=true),%!s(bool=false),%!s(bool=false)
ObjectId(5597d219cd65a00300e22015),%!s(bool=true),%!s(bool=false),%!s(bool=false)
ObjectId(55980407cd65a00300e22017),%!s(bool=false),%!s(bool=false),%!s(bool=false)
ObjectId(55986e4ccd65a00300e22019),%!s(bool=false),%!s(bool=false),%!s(bool=false)
ObjectId(559a478ac6a5990300180351),%!s(bool=false),%!s(bool=false),%!s(bool=false)
ObjectId(559a99b27744b30300efc9c2),%!s(bool=false),%!s(bool=false),%!s(bool=false)
ObjectId(559b1bf6e300e70300c1c5d5),%!s(bool=true),%!s(bool=false),%!s(bool=false)
ObjectId(559b2df9e300e70300c1c5da),%!s(bool=true),%!s(bool=false),%!s(bool=false)
ObjectId(559bfddbe300e70300c1c5e2),%!s(bool=false),%!s(bool=false),%!s(bool=false)
ObjectId(559cb98cb652a10300f0bda1),%!s(bool=false),%!s(bool=false),%!s(bool=false)
ObjectId(559d285eb652a10300f0bda7),%!s(bool=false),%!s(bool=false),%!s(bool=false)
ObjectId(559ec41627cba10300d26f87),%!s(bool=false),%!s(bool=true),%!s(bool=false)
ObjectId(559ef86327cba10300d26f8a),%!s(bool=true),%!s(bool=true),%!s(bool=false)
ObjectId(559f3eaa27cba10300d26f8d),%!s(bool=true),%!s(bool=true),%!s(bool=false)
ObjectId(559f95a275dc6b0300e3c636),%!s(bool=false),%!s(bool=false),%!s(bool=false)
ObjectId(559fc5dd75dc6b0300e3c63b),%!s(bool=true),%!s(bool=false),%!s(bool=false)
ObjectId(559ff75075dc6b0300e3c643),%!s(bool=true),%!s(bool=false),%!s(bool=false)
ObjectId(55a04b0ead191e03008b5e61),%!s(bool=false),%!s(bool=false),%!s(bool=false)
ObjectId(55a05f78ad191e03008b5e63),%!s(bool=true),%!s(bool=true),%!s(bool=false)
ObjectId(55a19fdc467c0703004b21e0),%!s(bool=false),%!s(bool=false),%!s(bool=false)
ObjectId(55a1ebab467c0703004b21e5),%!s(bool=false),%!s(bool=false),%!s(bool=false)
ObjectId(55a1edac467c0703004b21e7),%!s(bool=false),%!s(bool=false),%!s(bool=false)
ObjectId(55a1fb59467c0703004b21e9),%!s(bool=false),%!s(bool=false),%!s(bool=false)
ObjectId(55a227ef467c0703004b21ee),%!s(bool=false),%!s(bool=false),%!s(bool=false)
ObjectId(55a2ceee467c0703004b21f3),%!s(bool=false),%!s(bool=true),%!s(bool=false)
ObjectId(55a2efb2467c0703004b21f6),%!s(bool=false),%!s(bool=false),%!s(bool=false)
ObjectId(55a31bf69fafb70300665a9c),%!s(bool=false),%!s(bool=false),%!s(bool=false)
ObjectId(55a321659fafb70300665a9e),%!s(bool=false),%!s(bool=false),%!s(bool=false)
ObjectId(55a406309fafb70300665aaf),%!s(bool=true),%!s(bool=false),%!s(bool=false)
ObjectId(55a416379fafb70300665ab4),%!s(bool=false),%!s(bool=false),%!s(bool=false)
ObjectId(55a41a8d9fafb70300665ab9),%!s(bool=false),%!s(bool=false),%!s(bool=false)
ObjectId(55a433e19fafb70300665abb),%!s(bool=false),%!s(bool=false),%!s(bool=false)
ObjectId(55a448f10717ca0300fb7392),%!s(bool=false),%!s(bool=false),%!s(bool=false)
ObjectId(55a45c0c0717ca0300fb7398),%!s(bool=true),%!s(bool=false),%!s(bool=false)
ObjectId(55a523b60717ca0300fb73ac),%!s(bool=true),%!s(bool=false),%!s(bool=false)
ObjectId(55a566fa0717ca0300fb73ca),%!s(bool=true),%!s(bool=true),%!s(bool=false)
ObjectId(55a574450717ca0300fb73cc),%!s(bool=false),%!s(bool=false),%!s(bool=false)
ObjectId(55a5abc49fa61a030053a910),%!s(bool=false),%!s(bool=false),%!s(bool=false)
ObjectId(55a67ff16b6fe403008e9123),%!s(bool=false),%!s(bool=false),%!s(bool=false)
ObjectId(55a6f3626b6fe403008e913c),%!s(bool=false),%!s(bool=false),%!s(bool=false)
ObjectId(55a6f4966b6fe403008e913e),%!s(bool=true),%!s(bool=true),%!s(bool=false)
ObjectId(55a748f46b6fe403008e9153),%!s(bool=false),%!s(bool=false),%!s(bool=false)
ObjectId(55a7e3a3239fa903006172df),%!s(bool=true),%!s(bool=true),%!s(bool=false)
ObjectId(55a7f0b1239fa903006172e4),%!s(bool=false),%!s(bool=false),%!s(bool=false)
ObjectId(55a944b1ab02b40300011d53),%!s(bool=false),%!s(bool=false),%!s(bool=false)
ObjectId(55a95d68ab02b40300011d5b),%!s(bool=false),%!s(bool=false),%!s(bool=false)
ObjectId(55a98091ab02b40300011d66),%!s(bool=false),%!s(bool=false),%!s(bool=false)
ObjectId(55aa044eab02b40300011d76),%!s(bool=false),%!s(bool=false),%!s(bool=false)
ObjectId(55aaa91d4275520300c5de7b),%!s(bool=false),%!s(bool=false),%!s(bool=false)
ObjectId(55aad67c4275520300c5de80),%!s(bool=false),%!s(bool=false),%!s(bool=false)
ObjectId(55abf5e2b17abd0300a495d4),%!s(bool=true),%!s(bool=true),%!s(bool=false)
ObjectId(55ac089eb17abd0300a495d9),%!s(bool=true),%!s(bool=true),%!s(bool=false)
ObjectId(55aca8b2b17abd0300a495f3),%!s(bool=false),%!s(bool=false),%!s(bool=false)
ObjectId(55accef4b17abd0300a495f5),%!s(bool=false),%!s(bool=false),%!s(bool=false)
ObjectId(55acd63db17abd0300a495f7),%!s(bool=false),%!s(bool=false),%!s(bool=false)
ObjectId(55ad12e2d3ea67030071e08a),%!s(bool=true),%!s(bool=false),%!s(bool=false)
ObjectId(55ad1332d3ea67030071e08c),%!s(bool=false),%!s(bool=false),%!s(bool=false)
ObjectId(55ad6204d3ea67030071e0a8),%!s(bool=true),%!s(bool=false),%!s(bool=false)
ObjectId(55ae8a9b4453ed03000c9ee1),%!s(bool=false),%!s(bool=false),%!s(bool=false)
ObjectId(55ae9ced4453ed03000c9ee9),%!s(bool=false),%!s(bool=true),%!s(bool=false)
ObjectId(55aebf904453ed03000c9ef2),%!s(bool=false),%!s(bool=false),%!s(bool=false)
ObjectId(55aeeb574453ed03000c9ef7),%!s(bool=false),%!s(bool=false),%!s(bool=false)
ObjectId(55afc89ddb744a110091b4f9),%!s(bool=false),%!s(bool=false),%!s(bool=false)
ObjectId(55afca888869011100e87136),%!s(bool=false),%!s(bool=true),%!s(bool=false)
ObjectId(55afe954793bdc1100f4668c),%!s(bool=true),%!s(bool=false),%!s(bool=false)
ObjectId(55aff14b793bdc1100f466d2),%!s(bool=false),%!s(bool=false),%!s(bool=false)
ObjectId(55aff1dc793bdc1100f466dd),%!s(bool=false),%!s(bool=true),%!s(bool=false)
ObjectId(55aff476793bdc1100f4670f),%!s(bool=false),%!s(bool=false),%!s(bool=false)
ObjectId(55aff588793bdc1100f4672b),%!s(bool=true),%!s(bool=false),%!s(bool=false)
ObjectId(55aff5bf793bdc1100f4672d),%!s(bool=true),%!s(bool=false),%!s(bool=false)
ObjectId(55aff6c0793bdc1100f46748),%!s(bool=false),%!s(bool=false),%!s(bool=false)
ObjectId(55aff732793bdc1100f46756),%!s(bool=false),%!s(bool=false),%!s(bool=false)
ObjectId(55aff948793bdc1100f4678e),%!s(bool=false),%!s(bool=false),%!s(bool=false)
ObjectId(55aff950793bdc1100f46790),%!s(bool=false),%!s(bool=false),%!s(bool=false)
ObjectId(55affa8d793bdc1100f467b9),%!s(bool=false),%!s(bool=false),%!s(bool=false)
ObjectId(55affaa4793bdc1100f467c1),%!s(bool=false),%!s(bool=false),%!s(bool=false)
ObjectId(55affc078077241100e4d1df),%!s(bool=false),%!s(bool=false),%!s(bool=false)
ObjectId(55affc7f8077241100e4d1f7),%!s(bool=false),%!s(bool=false),%!s(bool=false)
ObjectId(55affdbd8077241100e4d232),%!s(bool=false),%!s(bool=false),%!s(bool=false)
ObjectId(55affdbe8077241100e4d234),%!s(bool=false),%!s(bool=false),%!s(bool=false)
ObjectId(55afff9e8077241100e4d25a),%!s(bool=false),%!s(bool=false),%!s(bool=false)
ObjectId(55b0042c8077241100e4d2c9),%!s(bool=false),%!s(bool=false),%!s(bool=false)
ObjectId(55b004748077241100e4d2d7),%!s(bool=false),%!s(bool=false),%!s(bool=false)
ObjectId(55b0048b8077241100e4d2d9),%!s(bool=false),%!s(bool=false),%!s(bool=false)
ObjectId(5473a98ec3295f02000e9291),%!s(bool=true),%!s(bool=false),%!s(bool=false)
ObjectId(55b0074d8077241100e4d347),%!s(bool=true),%!s(bool=false),%!s(bool=false)
ObjectId(55b008468077241100e4d365),%!s(bool=false),%!s(bool=false),%!s(bool=false)
ObjectId(55b009618077241100e4d382),%!s(bool=true),%!s(bool=false),%!s(bool=false)
ObjectId(55b0099d8077241100e4d384),%!s(bool=false),%!s(bool=false),%!s(bool=false)
ObjectId(55b00a058077241100e4d38c),%!s(bool=false),%!s(bool=false),%!s(bool=false)
ObjectId(55b00ab48077241100e4d394),%!s(bool=false),%!s(bool=false),%!s(bool=false)
ObjectId(55b00b528077241100e4d39d),%!s(bool=false),%!s(bool=false),%!s(bool=false)
ObjectId(55b00dad8077241100e4d3e1),%!s(bool=true),%!s(bool=false),%!s(bool=false)
ObjectId(55b00f5f8077241100e4d3fc),%!s(bool=true),%!s(bool=false),%!s(bool=false)
ObjectId(55b00f7e8077241100e4d408),%!s(bool=false),%!s(bool=false),%!s(bool=false)
ObjectId(55b00fd48077241100e4d412),%!s(bool=false),%!s(bool=false),%!s(bool=false)
ObjectId(55b00fdf8077241100e4d414),%!s(bool=true),%!s(bool=false),%!s(bool=false)
ObjectId(55b00ff28077241100e4d416),%!s(bool=false),%!s(bool=false),%!s(bool=false)
ObjectId(55b0102d8077241100e4d421),%!s(bool=false),%!s(bool=false),%!s(bool=false)
ObjectId(55b0104b8077241100e4d429),%!s(bool=false),%!s(bool=false),%!s(bool=false)
ObjectId(55b011618077241100e4d435),%!s(bool=false),%!s(bool=false),%!s(bool=false)
ObjectId(55b013ec8077241100e4d455),%!s(bool=true),%!s(bool=false),%!s(bool=false)
ObjectId(55b013f78077241100e4d45a),%!s(bool=true),%!s(bool=false),%!s(bool=false)
ObjectId(55b015738077241100e4d474),%!s(bool=false),%!s(bool=false),%!s(bool=false)
ObjectId(55b016e48077241100e4d482),%!s(bool=false),%!s(bool=false),%!s(bool=false)
ObjectId(55b018718077241100e4d4ae),%!s(bool=false),%!s(bool=false),%!s(bool=false)
ObjectId(55b019098077241100e4d4b9),%!s(bool=false),%!s(bool=false),%!s(bool=false)
ObjectId(55b019a78077241100e4d4c5),%!s(bool=false),%!s(bool=false),%!s(bool=false)
ObjectId(55b01b458077241100e4d4da),%!s(bool=false),%!s(bool=false),%!s(bool=false)
ObjectId(55b01c868077241100e4d4f1),%!s(bool=true),%!s(bool=false),%!s(bool=false)
ObjectId(55b023bd8077241100e4d560),%!s(bool=false),%!s(bool=false),%!s(bool=false)
ObjectId(55b027158077241100e4d583),%!s(bool=false),%!s(bool=false),%!s(bool=false)
ObjectId(55b02a5a8077241100e4d5a1),%!s(bool=false),%!s(bool=false),%!s(bool=false)
ObjectId(55b02cbf8077241100e4d5b2),%!s(bool=false),%!s(bool=false),%!s(bool=false)
ObjectId(55b0304d8077241100e4d5d8),%!s(bool=false),%!s(bool=false),%!s(bool=false)
ObjectId(55b032768077241100e4d5f3),%!s(bool=false),%!s(bool=false),%!s(bool=false)
ObjectId(55b03aa0e8a3ab110065304a),%!s(bool=false),%!s(bool=false),%!s(bool=false)
ObjectId(55b03c8fe8a3ab1100653069),%!s(bool=false),%!s(bool=false),%!s(bool=false)
ObjectId(55b040a2e8a3ab110065308b),%!s(bool=false),%!s(bool=false),%!s(bool=false)
ObjectId(55b041d3e8a3ab110065309c),%!s(bool=false),%!s(bool=false),%!s(bool=false)
ObjectId(55b04354e8a3ab11006530b4),%!s(bool=false),%!s(bool=false),%!s(bool=false)
ObjectId(55b0442be8a3ab11006530bc),%!s(bool=true),%!s(bool=false),%!s(bool=false)
ObjectId(55b04506e8a3ab11006530c1),%!s(bool=false),%!s(bool=false),%!s(bool=false)
ObjectId(55b04630e8a3ab11006530ca),%!s(bool=false),%!s(bool=false),%!s(bool=false)
ObjectId(55b0494b5d19441100f8d733),%!s(bool=false),%!s(bool=false),%!s(bool=false)
ObjectId(55b04c445d19441100f8d74a),%!s(bool=false),%!s(bool=false),%!s(bool=false)
ObjectId(55b050b15d19441100f8d75c),%!s(bool=false),%!s(bool=false),%!s(bool=false)
ObjectId(55b051095d19441100f8d761),%!s(bool=false),%!s(bool=false),%!s(bool=false)
ObjectId(55b059ad90b9741100a2237e),%!s(bool=false),%!s(bool=false),%!s(bool=false)
ObjectId(55b05e202cf53411000e5d3e),%!s(bool=false),%!s(bool=false),%!s(bool=false)
ObjectId(55b062da2cf53411000e5d4b),%!s(bool=false),%!s(bool=false),%!s(bool=false)
ObjectId(55b06aa62cf53411000e5d72),%!s(bool=true),%!s(bool=false),%!s(bool=false)
ObjectId(55b06b5e90b9741100a223ce),%!s(bool=false),%!s(bool=false),%!s(bool=false)
ObjectId(55b06bd290b9741100a223d4),%!s(bool=false),%!s(bool=false),%!s(bool=false)
ObjectId(55b0708a2cf53411000e5d94),%!s(bool=false),%!s(bool=false),%!s(bool=false)
ObjectId(55b0778c90b9741100a223fd),%!s(bool=false),%!s(bool=false),%!s(bool=false)
ObjectId(55b078db2cf53411000e5dab),%!s(bool=false),%!s(bool=false),%!s(bool=false)
ObjectId(55b07b062cf53411000e5dbe),%!s(bool=false),%!s(bool=false),%!s(bool=false)
ObjectId(55b07dcc2cf53411000e5dd1),%!s(bool=true),%!s(bool=false),%!s(bool=false)
ObjectId(55b084052cf53411000e5df4),%!s(bool=false),%!s(bool=false),%!s(bool=false)
ObjectId(55b0890590b9741100a22457),%!s(bool=true),%!s(bool=false),%!s(bool=false)
ObjectId(55b08a5d90b9741100a2245e),%!s(bool=false),%!s(bool=false),%!s(bool=false)
ObjectId(55b08ac790b9741100a22460),%!s(bool=true),%!s(bool=false),%!s(bool=false)
ObjectId(55b08e252cf53411000e5e18),%!s(bool=false),%!s(bool=false),%!s(bool=false)
ObjectId(55b093ce2cf53411000e5e25),%!s(bool=true),%!s(bool=false),%!s(bool=false)
ObjectId(55b097282cf53411000e5e33),%!s(bool=true),%!s(bool=false),%!s(bool=false)
ObjectId(55b0a31990b9741100a224ad),%!s(bool=false),%!s(bool=false),%!s(bool=false)
ObjectId(55b0c3b31da5f11100624d8e),%!s(bool=false),%!s(bool=false),%!s(bool=false)
ObjectId(55b0cfa71da5f11100624dcd),%!s(bool=false),%!s(bool=false),%!s(bool=false)
ObjectId(55b0dac0bad96911006b9519),%!s(bool=false),%!s(bool=false),%!s(bool=false)
ObjectId(55b0dd06bad96911006b951f),%!s(bool=false),%!s(bool=false),%!s(bool=false)
ObjectId(55b0e0aebad96911006b9531),%!s(bool=false),%!s(bool=false),%!s(bool=false)
ObjectId(55b0e319bad96911006b9539),%!s(bool=false),%!s(bool=false),%!s(bool=false)
ObjectId(55b0e3ef1da5f11100624e2b),%!s(bool=false),%!s(bool=false),%!s(bool=false)
ObjectId(55b0f170bad96911006b9563),%!s(bool=false),%!s(bool=false),%!s(bool=false)
ObjectId(55b0f221bad96911006b9565),%!s(bool=true),%!s(bool=false),%!s(bool=false)
ObjectId(55b0f5131da5f11100624e5f),%!s(bool=true),%!s(bool=false),%!s(bool=false)
ObjectId(55b0f6c7bad96911006b956e),%!s(bool=false),%!s(bool=false),%!s(bool=false)
ObjectId(55b1037e1da5f11100624e96),%!s(bool=false),%!s(bool=false),%!s(bool=false)
ObjectId(55b104081da5f11100624e97),%!s(bool=true),%!s(bool=false),%!s(bool=false)
ObjectId(55b105341da5f11100624e9a),%!s(bool=false),%!s(bool=false),%!s(bool=false)
ObjectId(55b10a2cbad96911006b95a9),%!s(bool=false),%!s(bool=false),%!s(bool=false)
ObjectId(55b10a6ebad96911006b95aa),%!s(bool=false),%!s(bool=false),%!s(bool=false)
ObjectId(55b10e101da5f11100624eb2),%!s(bool=true),%!s(bool=false),%!s(bool=false)
ObjectId(55b112291da5f11100624eb7),%!s(bool=false),%!s(bool=false),%!s(bool=false)
ObjectId(55b1135f1da5f11100624ebf),%!s(bool=false),%!s(bool=false),%!s(bool=false)
ObjectId(55b1275c1da5f11100624f10),%!s(bool=false),%!s(bool=false),%!s(bool=false)
ObjectId(55b129a4bad96911006b961f),%!s(bool=false),%!s(bool=false),%!s(bool=false)
ObjectId(55b13d9aa42a2b110039b131),%!s(bool=true),%!s(bool=false),%!s(bool=false)
ObjectId(55b13e99a42a2b110039b13b),%!s(bool=true),%!s(bool=false),%!s(bool=false)
ObjectId(55b149f81562cc1100c90d6c),%!s(bool=false),%!s(bool=false),%!s(bool=false)
ObjectId(55b159fb38589b11007fe47a),%!s(bool=false),%!s(bool=false),%!s(bool=false)
ObjectId(55b15d4a38589b11007fe482),%!s(bool=false),%!s(bool=false),%!s(bool=false)
ObjectId(55b1724738589b11007fe4ad),%!s(bool=false),%!s(bool=false),%!s(bool=false)
ObjectId(55b172b938589b11007fe4ae),%!s(bool=false),%!s(bool=false),%!s(bool=false)
ObjectId(55b1760e29e0131100d6d2e8),%!s(bool=false),%!s(bool=false),%!s(bool=false)
ObjectId(55b17b2f29e0131100d6d2ee),%!s(bool=false),%!s(bool=false),%!s(bool=false)
ObjectId(55b1a34238589b11007fe4f6),%!s(bool=false),%!s(bool=false),%!s(bool=false)
ObjectId(55b1a98b38589b11007fe506),%!s(bool=false),%!s(bool=false),%!s(bool=false)
ObjectId(55b1b3f829e0131100d6d351),%!s(bool=false),%!s(bool=false),%!s(bool=false)
ObjectId(55b1bf9538589b11007fe531),%!s(bool=true),%!s(bool=false),%!s(bool=false)
ObjectId(55b1c205f30ea911001aacd2),%!s(bool=false),%!s(bool=false),%!s(bool=false)
ObjectId(55b1c9d3f30ea911001aacda),%!s(bool=false),%!s(bool=false),%!s(bool=false)
ObjectId(55b1f75838589b11007fe56d),%!s(bool=false),%!s(bool=false),%!s(bool=false)
ObjectId(55b1fbb3f30ea911001aad1f),%!s(bool=false),%!s(bool=false),%!s(bool=false)
ObjectId(55b20c41f30ea911001aad32),%!s(bool=false),%!s(bool=false),%!s(bool=false)
ObjectId(55b20d0d38589b11007fe585),%!s(bool=false),%!s(bool=false),%!s(bool=false)
ObjectId(55b2607814244811005a90fb),%!s(bool=false),%!s(bool=false),%!s(bool=false)
ObjectId(55b2643e14244811005a9100),%!s(bool=true),%!s(bool=false),%!s(bool=false)
ObjectId(55b27694b15f54110090aa61),%!s(bool=false),%!s(bool=false),%!s(bool=false)
ObjectId(55b2785ff1c31511008f4a76),%!s(bool=true),%!s(bool=false),%!s(bool=false)
ObjectId(55b279dff1c31511008f4a82),%!s(bool=true),%!s(bool=false),%!s(bool=false)
ObjectId(55b27b261c226711009e1e4f),%!s(bool=false),%!s(bool=false),%!s(bool=false)
ObjectId(55b27b28f1c31511008f4a85),%!s(bool=true),%!s(bool=false),%!s(bool=false)
ObjectId(55b27da91c226711009e1e55),%!s(bool=false),%!s(bool=false),%!s(bool=false)
ObjectId(55b280c4f1c31511008f4aa5),%!s(bool=false),%!s(bool=false),%!s(bool=false)
ObjectId(55b281781c226711009e1e6c),%!s(bool=false),%!s(bool=false),%!s(bool=false)
ObjectId(55b285d21c226711009e1e87),%!s(bool=false),%!s(bool=false),%!s(bool=false)
ObjectId(55b288bdf1c31511008f4ac7),%!s(bool=true),%!s(bool=false),%!s(bool=false)
ObjectId(55b289271c226711009e1e8d),%!s(bool=false),%!s(bool=false),%!s(bool=false)
ObjectId(55b289561c226711009e1e91),%!s(bool=false),%!s(bool=false),%!s(bool=false)
ObjectId(55b29ae91c226711009e1ec3),%!s(bool=false),%!s(bool=false),%!s(bool=false)
ObjectId(55b29e831c226711009e1ed0),%!s(bool=false),%!s(bool=false),%!s(bool=false)
ObjectId(55b2ad6f1cf0541100dad219),%!s(bool=false),%!s(bool=false),%!s(bool=false)
ObjectId(55b2c4f11cf0541100dad242),%!s(bool=false),%!s(bool=false),%!s(bool=false)
ObjectId(55b2c69f1cf0541100dad247),%!s(bool=false),%!s(bool=false),%!s(bool=false)
ObjectId(55b2cb6853bcac110099dc79),%!s(bool=false),%!s(bool=false),%!s(bool=false)
ObjectId(55b2f17753bcac110099dc93),%!s(bool=false),%!s(bool=false),%!s(bool=false)
ObjectId(55b310d753bcac110099dcae),%!s(bool=false),%!s(bool=false),%!s(bool=false)
ObjectId(55b32ad353bcac110099dcc8),%!s(bool=false),%!s(bool=false),%!s(bool=false)
ObjectId(55b347e91cf0541100dad2b9),%!s(bool=false),%!s(bool=false),%!s(bool=false)
ObjectId(55b34f721cf0541100dad2bd),%!s(bool=false),%!s(bool=false),%!s(bool=false)
ObjectId(55b3776e53bcac110099dd09),%!s(bool=false),%!s(bool=false),%!s(bool=false)
ObjectId(55b385561cf0541100dad2e1),%!s(bool=false),%!s(bool=false),%!s(bool=false)
ObjectId(55b38e7453bcac110099dd1a),%!s(bool=true),%!s(bool=false),%!s(bool=false)
ObjectId(55b39abb53bcac110099dd28),%!s(bool=true),%!s(bool=false),%!s(bool=false)
ObjectId(55b3ad7153bcac110099dd30),%!s(bool=false),%!s(bool=false),%!s(bool=false)
ObjectId(55b3ae3653bcac110099dd32),%!s(bool=false),%!s(bool=false),%!s(bool=false)
ObjectId(55b3c05f53bcac110099dd46),%!s(bool=true),%!s(bool=false),%!s(bool=false)
ObjectId(55b3d4aa1cf0541100dad31a),%!s(bool=false),%!s(bool=false),%!s(bool=false)
ObjectId(55b3d9361cf0541100dad320),%!s(bool=true),%!s(bool=false),%!s(bool=false)
ObjectId(55b3e1101cf0541100dad325),%!s(bool=false),%!s(bool=false),%!s(bool=false)
ObjectId(55b3e3c41cf0541100dad327),%!s(bool=true),%!s(bool=false),%!s(bool=false)
ObjectId(55b3e8aa1cf0541100dad32d),%!s(bool=false),%!s(bool=false),%!s(bool=false)
ObjectId(55b3ed021cf0541100dad32e),%!s(bool=false),%!s(bool=false),%!s(bool=false)
ObjectId(55b400be4d5e5911001931bb),%!s(bool=false),%!s(bool=false),%!s(bool=false)
ObjectId(55b446e782b6441100a38a54),%!s(bool=false),%!s(bool=false),%!s(bool=false)
ObjectId(55b46d1c82b6441100a38a60),%!s(bool=false),%!s(bool=false),%!s(bool=false)
ObjectId(55b4820a82b6441100a38a68),%!s(bool=false),%!s(bool=false),%!s(bool=false)
ObjectId(55b48e0b82b6441100a38a6c),%!s(bool=false),%!s(bool=false),%!s(bool=false)
ObjectId(55b4988e82b6441100a38a7b),%!s(bool=false),%!s(bool=false),%!s(bool=false)
ObjectId(55b4bfc426c6f71100dcf80c),%!s(bool=false),%!s(bool=false),%!s(bool=false)
ObjectId(55b4d8d026c6f71100dcf813),%!s(bool=true),%!s(bool=false),%!s(bool=false)
ObjectId(55b4ee4e82b6441100a38a98),%!s(bool=false),%!s(bool=false),%!s(bool=false)
ObjectId(55b50adf089cb5110035e4df),%!s(bool=false),%!s(bool=false),%!s(bool=false)
ObjectId(55b516c9089cb5110035e4e4),%!s(bool=false),%!s(bool=false),%!s(bool=false)
ObjectId(55b52089db52151100d68354),%!s(bool=false),%!s(bool=false),%!s(bool=false)
ObjectId(55b5230edb52151100d68356),%!s(bool=false),%!s(bool=false),%!s(bool=true)
ObjectId(55b52d19a2c6331100b98801),%!s(bool=false),%!s(bool=false),%!s(bool=false)
ObjectId(55b534e3e5682c1100e1d9ad),%!s(bool=false),%!s(bool=false),%!s(bool=false)
ObjectId(55b54adccdf4711100ff8530),%!s(bool=false),%!s(bool=false),%!s(bool=false)
ObjectId(55b55352cdf4711100ff8536),%!s(bool=false),%!s(bool=false),%!s(bool=false)
ObjectId(55b554568fc82d110017cd9f),%!s(bool=false),%!s(bool=false),%!s(bool=false)
ObjectId(55b55493cdf4711100ff8538),%!s(bool=false),%!s(bool=false),%!s(bool=false)
ObjectId(55b57c5af6ae281100e54eb4),%!s(bool=false),%!s(bool=false),%!s(bool=false)
ObjectId(55b5b6dfc132b31100f41817),%!s(bool=true),%!s(bool=false),%!s(bool=false)
ObjectId(55b5baa2c132b31100f41819),%!s(bool=false),%!s(bool=false),%!s(bool=false)
ObjectId(55b5c4afc132b31100f4181f),%!s(bool=false),%!s(bool=false),%!s(bool=false)
ObjectId(55b60982190e6f1100269553),%!s(bool=false),%!s(bool=false),%!s(bool=false)
ObjectId(55b632d0fd85fa1100fd670a),%!s(bool=false),%!s(bool=false),%!s(bool=false)
ObjectId(55b636f2fd85fa1100fd6712),%!s(bool=false),%!s(bool=false),%!s(bool=false)
ObjectId(55b63d71fd85fa1100fd671a),%!s(bool=true),%!s(bool=false),%!s(bool=false)
ObjectId(55b64d5c7fb70d11002ae229),%!s(bool=false),%!s(bool=false),%!s(bool=false)
ObjectId(55b66f09ccb61a1100bd2d26),%!s(bool=false),%!s(bool=false),%!s(bool=false)
ObjectId(55b67b2de2b0e511001226e0),%!s(bool=false),%!s(bool=false),%!s(bool=false)
ObjectId(55b68ee21a077411001aeefd),%!s(bool=true),%!s(bool=false),%!s(bool=false)
ObjectId(55b694b51a077411001aef05),%!s(bool=true),%!s(bool=false),%!s(bool=false)
ObjectId(55b6c9e93188851100749ecc),%!s(bool=false),%!s(bool=false),%!s(bool=false)
ObjectId(55b73939cb317111007f807f),%!s(bool=false),%!s(bool=false),%!s(bool=false)
ObjectId(55b73ddbcb317111007f8083),%!s(bool=false),%!s(bool=false),%!s(bool=false)
ObjectId(55b75faacb317111007f8093),%!s(bool=false),%!s(bool=false),%!s(bool=false)
ObjectId(55b76187cb317111007f8095),%!s(bool=false),%!s(bool=false),%!s(bool=false)
ObjectId(55b761d02abc94110095cf51),%!s(bool=true),%!s(bool=false),%!s(bool=false)
ObjectId(55b76a4bcb317111007f8099),%!s(bool=false),%!s(bool=false),%!s(bool=false)
ObjectId(55b78219cb317111007f80a6),%!s(bool=false),%!s(bool=false),%!s(bool=false)
ObjectId(55b7928dcb317111007f80ae),%!s(bool=true),%!s(bool=false),%!s(bool=false)
ObjectId(55b797cc7b7a3d11003893cf),%!s(bool=false),%!s(bool=false),%!s(bool=false)
ObjectId(55b79cd37b7a3d11003893d0),%!s(bool=false),%!s(bool=false),%!s(bool=false)
ObjectId(55b7be650957aa1100d57c9f),%!s(bool=true),%!s(bool=false),%!s(bool=false)
ObjectId(55b7c147cb317111007f80e3),%!s(bool=false),%!s(bool=false),%!s(bool=false)
ObjectId(55b7ca53cb317111007f80e8),%!s(bool=false),%!s(bool=false),%!s(bool=false)
ObjectId(55b8095f0957aa1100d57cc8),%!s(bool=false),%!s(bool=false),%!s(bool=false)
ObjectId(55b81ba0fecf3411008891ef),%!s(bool=true),%!s(bool=false),%!s(bool=false)
ObjectId(55b8220f0957aa1100d57ccf),%!s(bool=false),%!s(bool=false),%!s(bool=false)
ObjectId(55b8b5de7660081100cc8871),%!s(bool=true),%!s(bool=true),%!s(bool=false)
ObjectId(55b8b825615290110080756e),%!s(bool=false),%!s(bool=false),%!s(bool=false)
ObjectId(55b8d8ae38186c1100d2c2ee),%!s(bool=false),%!s(bool=false),%!s(bool=false)
ObjectId(55b8fb9dc9de3111007f4b07),%!s(bool=false),%!s(bool=false),%!s(bool=false)
ObjectId(55b9095c236d331100fb57b2),%!s(bool=true),%!s(bool=false),%!s(bool=false)
ObjectId(55b92921a8302c11000edb25),%!s(bool=false),%!s(bool=false),%!s(bool=false)
ObjectId(55b9351a7245d3110048290b),%!s(bool=true),%!s(bool=false),%!s(bool=false)
ObjectId(55b9432ba4571b1100b630b7),%!s(bool=false),%!s(bool=false),%!s(bool=false)
ObjectId(55b943cbfd13601100bd5ac9),%!s(bool=true),%!s(bool=false),%!s(bool=false)
ObjectId(55b94bf7fd13601100bd5acb),%!s(bool=false),%!s(bool=false),%!s(bool=false)
ObjectId(55b95d7e4ca9a411006ab0b4),%!s(bool=true),%!s(bool=false),%!s(bool=false)
ObjectId(55b9b31af00c4f11008cab1f),%!s(bool=false),%!s(bool=false),%!s(bool=false)
ObjectId(55b9d99ff00c4f11008cab24),%!s(bool=true),%!s(bool=false),%!s(bool=false)
ObjectId(55ba29e3028a10110094c43f),%!s(bool=false),%!s(bool=false),%!s(bool=false)
ObjectId(55ba78995df8351100632fd8),%!s(bool=false),%!s(bool=false),%!s(bool=false)
ObjectId(55bad3c7a55cfe11002c3b8d),%!s(bool=true),%!s(bool=false),%!s(bool=false)
ObjectId(55badafad6dc9e110052c8fe),%!s(bool=true),%!s(bool=false),%!s(bool=false)
ObjectId(55badffc3ea89f1100310996),%!s(bool=false),%!s(bool=false),%!s(bool=false)
ObjectId(55bafc0bae4afa1100760979),%!s(bool=false),%!s(bool=false),%!s(bool=false)
ObjectId(55bb065a1e5cb4110002a1cf),%!s(bool=false),%!s(bool=false),%!s(bool=false)
ObjectId(55bb46e41e5cb4110002a1e1),%!s(bool=false),%!s(bool=false),%!s(bool=false)
ObjectId(55bb49e0ae4afa1100760985),%!s(bool=false),%!s(bool=false),%!s(bool=false)
ObjectId(55bba894da39d21100abe01a),%!s(bool=false),%!s(bool=false),%!s(bool=false)
ObjectId(55bc3f939d28ca1100db1d49),%!s(bool=true),%!s(bool=false),%!s(bool=false)
ObjectId(55bd82d981d079110007481a),%!s(bool=true),%!s(bool=true),%!s(bool=false)
ObjectId(55be7b4de414f21100578eed),%!s(bool=false),%!s(bool=true),%!s(bool=false)
ObjectId(55beba2182556e11006b8b2c),%!s(bool=false),%!s(bool=false),%!s(bool=false)
ObjectId(55bedea7e59eb51100d6b6b5),%!s(bool=true),%!s(bool=false),%!s(bool=false)
ObjectId(55bf1abebf40391100af6f7b),%!s(bool=false),%!s(bool=false),%!s(bool=false)
ObjectId(55bf8b84e7b41b11006c4f48),%!s(bool=true),%!s(bool=false),%!s(bool=false)
ObjectId(55bfb288e7b41b11006c4f4c),%!s(bool=false),%!s(bool=false),%!s(bool=true)
ObjectId(55bfc73058c4371100952405),%!s(bool=true),%!s(bool=false),%!s(bool=false)
ObjectId(55c008c24428901100e5b6f9),%!s(bool=true),%!s(bool=false),%!s(bool=false)
ObjectId(55c00a584428901100e5b6fc),%!s(bool=false),%!s(bool=false),%!s(bool=false)
ObjectId(55c00ba84428901100e5b700),%!s(bool=true),%!s(bool=false),%!s(bool=false)
ObjectId(55c0437b6833f81100343cf4),%!s(bool=false),%!s(bool=false),%!s(bool=false)
ObjectId(55c05dced10ce311009fc00c),%!s(bool=true),%!s(bool=false),%!s(bool=false)
ObjectId(55c05e2bd10ce311009fc00e),%!s(bool=false),%!s(bool=false),%!s(bool=false)
ObjectId(55c0fe183fb2c61100d3f058),%!s(bool=true),%!s(bool=false),%!s(bool=false)
ObjectId(55c100b5a249ec1100dce12b),%!s(bool=false),%!s(bool=false),%!s(bool=false)
ObjectId(55c13097c6366c110033788a),%!s(bool=true),%!s(bool=false),%!s(bool=false)
ObjectId(55c13c20a249ec1100dce133),%!s(bool=true),%!s(bool=false),%!s(bool=false)
ObjectId(55c146fec6366c110033788e),%!s(bool=false),%!s(bool=true),%!s(bool=false)
ObjectId(55c14adfc6366c1100337891),%!s(bool=true),%!s(bool=false),%!s(bool=false)
ObjectId(55c15d2ea249ec1100dce142),%!s(bool=true),%!s(bool=false),%!s(bool=false)
ObjectId(55c176c5c6366c1100337899),%!s(bool=true),%!s(bool=false),%!s(bool=false)
ObjectId(55c17cf2c6366c110033789d),%!s(bool=false),%!s(bool=false),%!s(bool=false)
ObjectId(55c24cec95164211005694a1),%!s(bool=false),%!s(bool=false),%!s(bool=false)
ObjectId(55c27a06571817110087da9c),%!s(bool=false),%!s(bool=false),%!s(bool=false)
ObjectId(55c27f649ba79a1100ff3760),%!s(bool=true),%!s(bool=false),%!s(bool=false)
ObjectId(55c2987e571817110087daa8),%!s(bool=true),%!s(bool=false),%!s(bool=false)
ObjectId(55c303cccb17dd11005e52f2),%!s(bool=false),%!s(bool=false),%!s(bool=false)
ObjectId(55c3a9cccb17dd11005e530a),%!s(bool=false),%!s(bool=false),%!s(bool=false)
ObjectId(55c3d1c5cb17dd11005e5318),%!s(bool=false),%!s(bool=false),%!s(bool=false)
ObjectId(55c4e918f831c61100ccaa97),%!s(bool=true),%!s(bool=false),%!s(bool=false)
ObjectId(55c4f04df831c61100ccaa98),%!s(bool=true),%!s(bool=true),%!s(bool=false)
ObjectId(55c503f4f831c61100ccaa9f),%!s(bool=true),%!s(bool=false),%!s(bool=false)
ObjectId(55c6475dff651f1100176926),%!s(bool=false),%!s(bool=false),%!s(bool=false)
ObjectId(55c771206b28b81100ebca75),%!s(bool=false),%!s(bool=false),%!s(bool=false)
ObjectId(55c78e21cb50751100c07675),%!s(bool=false),%!s(bool=false),%!s(bool=true)
ObjectId(55c7965a6b28b81100ebca7d),%!s(bool=false),%!s(bool=false),%!s(bool=false)
ObjectId(55c857e91a123e1100a47015),%!s(bool=true),%!s(bool=false),%!s(bool=false)
ObjectId(55c9a112c941261100bd3042),%!s(bool=false),%!s(bool=false),%!s(bool=false)
ObjectId(55ca095b0c66bb110065ab2a),%!s(bool=false),%!s(bool=false),%!s(bool=false)
ObjectId(55ca11390c66bb110065ab2c),%!s(bool=false),%!s(bool=false),%!s(bool=false)
ObjectId(55ca9c650c66bb110065ab45),%!s(bool=false),%!s(bool=false),%!s(bool=false)
ObjectId(55cb1d7bfb56a31100f8ca43),%!s(bool=false),%!s(bool=false),%!s(bool=false)
ObjectId(55cb567085a92e1100b0bfae),%!s(bool=false),%!s(bool=false),%!s(bool=false)
ObjectId(55cbaf62fb56a31100f8ca65),%!s(bool=false),%!s(bool=false),%!s(bool=true)
ObjectId(55cc15d885bf031100a03e69),%!s(bool=false),%!s(bool=false),%!s(bool=false)
ObjectId(55cc25bf2dc8411100a338cc),%!s(bool=true),%!s(bool=false),%!s(bool=false)
ObjectId(55cce584f1d5cd1100236b27),%!s(bool=false),%!s(bool=true),%!s(bool=false)
ObjectId(55cce798f1d5cd1100236b2a),%!s(bool=true),%!s(bool=false),%!s(bool=false)
ObjectId(55cd3dcfe7946911001bd1c7),%!s(bool=false),%!s(bool=false),%!s(bool=false)
ObjectId(55cd4747e7946911001bd1ca),%!s(bool=false),%!s(bool=false),%!s(bool=false)
ObjectId(55cd6fe59dfd0d1100943a83),%!s(bool=false),%!s(bool=false),%!s(bool=false)
ObjectId(55ce7a4ab1f6ff110038b815),%!s(bool=true),%!s(bool=false),%!s(bool=false)
ObjectId(55ce909db1f6ff110038b819),%!s(bool=false),%!s(bool=false),%!s(bool=false)
ObjectId(55ceb4a1e61de91100815634),%!s(bool=false),%!s(bool=false),%!s(bool=false)
ObjectId(55d0955f97b4ae110021f241),%!s(bool=false),%!s(bool=false),%!s(bool=false)
ObjectId(55d0e1c956dbea1100c1c77f),%!s(bool=false),%!s(bool=false),%!s(bool=false)
ObjectId(55d0fd4543eda411004f907d),%!s(bool=false),%!s(bool=false),%!s(bool=false)
ObjectId(55d1051d43eda411004f9093),%!s(bool=false),%!s(bool=false),%!s(bool=false)
ObjectId(55d169510c35d61100e584fe),%!s(bool=true),%!s(bool=false),%!s(bool=false)
ObjectId(55d19a6a1b4de31100829a26),%!s(bool=false),%!s(bool=false),%!s(bool=false)
ObjectId(55d1cc5d33c7b311006e649c),%!s(bool=true),%!s(bool=false),%!s(bool=false)
ObjectId(55d1fab71b4de31100829a36),%!s(bool=false),%!s(bool=false),%!s(bool=false)
ObjectId(55d1fb2b1b4de31100829a39),%!s(bool=true),%!s(bool=false),%!s(bool=false)
ObjectId(55d1ff131b4de31100829a3c),%!s(bool=false),%!s(bool=false),%!s(bool=false)
ObjectId(55d1ff2f33c7b311006e64b6),%!s(bool=false),%!s(bool=false),%!s(bool=false)
ObjectId(55d203f333c7b311006e64bc),%!s(bool=true),%!s(bool=false),%!s(bool=false)
ObjectId(55d2081f1b4de31100829a49),%!s(bool=true),%!s(bool=false),%!s(bool=false)
ObjectId(55d2163c1b4de31100829a50),%!s(bool=false),%!s(bool=false),%!s(bool=false)
ObjectId(55d21c111b4de31100829a52),%!s(bool=false),%!s(bool=false),%!s(bool=false)
ObjectId(55d21ebb33c7b311006e64d2),%!s(bool=true),%!s(bool=false),%!s(bool=false)
ObjectId(55d225163f0d7d11003aad69),%!s(bool=false),%!s(bool=false),%!s(bool=false)
ObjectId(55d22b27c1c27e110002fbac),%!s(bool=false),%!s(bool=false),%!s(bool=false)
ObjectId(55d2414fc1c27e110002fbc5),%!s(bool=false),%!s(bool=false),%!s(bool=false)
ObjectId(55d24b49b451f11100ed7cdf),%!s(bool=false),%!s(bool=false),%!s(bool=false)
ObjectId(55d24d9efe79bf1100631760),%!s(bool=false),%!s(bool=true),%!s(bool=false)
ObjectId(55d25411fe79bf1100631761),%!s(bool=true),%!s(bool=false),%!s(bool=false)
ObjectId(55d2567e1496c31100dbdf14),%!s(bool=true),%!s(bool=false),%!s(bool=false)
ObjectId(55d26c9d1790611100115fe9),%!s(bool=false),%!s(bool=false),%!s(bool=false)
ObjectId(55d2766d1790611100115fec),%!s(bool=false),%!s(bool=false),%!s(bool=false)
ObjectId(55d27ac66d20e21100c22632),%!s(bool=true),%!s(bool=true),%!s(bool=false)
ObjectId(55d280c36d20e21100c22637),%!s(bool=false),%!s(bool=false),%!s(bool=false)
ObjectId(55d2f04149457c110039cf74),%!s(bool=false),%!s(bool=false),%!s(bool=false)
ObjectId(55d2f6c149457c110039cf76),%!s(bool=false),%!s(bool=false),%!s(bool=false)
ObjectId(55d2f88f49457c110039cf79),%!s(bool=true),%!s(bool=false),%!s(bool=false)
ObjectId(55d2fe8d24bb561100e4e42a),%!s(bool=false),%!s(bool=false),%!s(bool=false)
ObjectId(55d3055a24bb561100e4e42b),%!s(bool=false),%!s(bool=false),%!s(bool=false)
ObjectId(55d31bbe24bb561100e4e42f),%!s(bool=false),%!s(bool=false),%!s(bool=false)
ObjectId(55d32b5124bb561100e4e434),%!s(bool=false),%!s(bool=false),%!s(bool=false)
ObjectId(55d34d6a49457c110039cf91),%!s(bool=true),%!s(bool=false),%!s(bool=false)
ObjectId(55d359a049457c110039cf94),%!s(bool=false),%!s(bool=false),%!s(bool=false)
ObjectId(55d36b3af7cd091100a2199a),%!s(bool=true),%!s(bool=false),%!s(bool=false)
ObjectId(55d374b7f7cd091100a2199d),%!s(bool=false),%!s(bool=false),%!s(bool=false)
ObjectId(55d387b415e7b011001ec81b),%!s(bool=false),%!s(bool=false),%!s(bool=false)
ObjectId(55d387c115e7b011001ec81d),%!s(bool=true),%!s(bool=false),%!s(bool=false)
ObjectId(55d393c0e94ee211009fb28d),%!s(bool=false),%!s(bool=false),%!s(bool=false)
ObjectId(55d3aa1d27334a11006ac121),%!s(bool=false),%!s(bool=false),%!s(bool=false)
ObjectId(55d3b530b1b698110084acff),%!s(bool=true),%!s(bool=false),%!s(bool=false)
ObjectId(55d417ae57875511000739a2),%!s(bool=true),%!s(bool=false),%!s(bool=false)
ObjectId(55d428e40cc3d3110076933b),%!s(bool=false),%!s(bool=false),%!s(bool=false)
ObjectId(55d438760cc3d31100769344),%!s(bool=false),%!s(bool=false),%!s(bool=false)
ObjectId(55d438b9009fe7110009e846),%!s(bool=true),%!s(bool=false),%!s(bool=false)
ObjectId(55d444f20cc3d31100769347),%!s(bool=false),%!s(bool=false),%!s(bool=false)
ObjectId(55d46c638e53df1100bdaf9d),%!s(bool=false),%!s(bool=false),%!s(bool=false)
ObjectId(55d47cae6e6dcc1100b475af),%!s(bool=false),%!s(bool=false),%!s(bool=false)
ObjectId(55d4b88e23ed9b1100fd5425),%!s(bool=false),%!s(bool=false),%!s(bool=false)
ObjectId(55d5306d9d822a110037302d),%!s(bool=true),%!s(bool=false),%!s(bool=false)
ObjectId(55d5553fcc81cf11007d7975),%!s(bool=false),%!s(bool=false),%!s(bool=false)
ObjectId(55d56cf487d2fe110004e333),%!s(bool=false),%!s(bool=false),%!s(bool=false)
ObjectId(55d58e9ec1cc6c1100036616),%!s(bool=false),%!s(bool=false),%!s(bool=false)
ObjectId(55d5a8c2294f101100509731),%!s(bool=false),%!s(bool=false),%!s(bool=false)
ObjectId(55d5c425f7e7d6110083672f),%!s(bool=false),%!s(bool=false),%!s(bool=false)
ObjectId(55d60275f7e7d61100836744),%!s(bool=false),%!s(bool=false),%!s(bool=false)
ObjectId(55d62ff7318f4a11001d3ac8),%!s(bool=false),%!s(bool=false),%!s(bool=false)
ObjectId(55d64a7caef5d71100e2f0e3),%!s(bool=false),%!s(bool=false),%!s(bool=false)
ObjectId(55d6a60c9814b311007f817a),%!s(bool=false),%!s(bool=false),%!s(bool=false)
ObjectId(55d6e632f799ba110039fd55),%!s(bool=false),%!s(bool=false),%!s(bool=false)
ObjectId(55d70ec8c6860f11004b92b0),%!s(bool=false),%!s(bool=false),%!s(bool=false)
ObjectId(55d72514c6860f11004b92b5),%!s(bool=false),%!s(bool=false),%!s(bool=false)
ObjectId(55d72514c6860f11004b92b6),%!s(bool=false),%!s(bool=false),%!s(bool=false)
ObjectId(55d73206c6860f11004b92ba),%!s(bool=false),%!s(bool=false),%!s(bool=false)
ObjectId(55d75ccccb648a11005a9874),%!s(bool=false),%!s(bool=false),%!s(bool=false)
ObjectId(55d7b141e1fd9f1100058c31),%!s(bool=false),%!s(bool=false),%!s(bool=false)
ObjectId(55d9e308cde85d110027a8dc),%!s(bool=false),%!s(bool=false),%!s(bool=false)
ObjectId(55da154fc905ae1100813331),%!s(bool=false),%!s(bool=false),%!s(bool=false)
ObjectId(55da2a70df8e621100e93927),%!s(bool=true),%!s(bool=false),%!s(bool=false)
ObjectId(55da8c14df8e621100e9394b),%!s(bool=false),%!s(bool=false),%!s(bool=false)
ObjectId(55dae69ef704371100399d05),%!s(bool=false),%!s(bool=false),%!s(bool=false)
ObjectId(55dcc9ea39649411001ee16b),%!s(bool=false),%!s(bool=false),%!s(bool=false)
ObjectId(55dd137539649411001ee194),%!s(bool=false),%!s(bool=false),%!s(bool=false)
ObjectId(55dda373fc448811008c404f),%!s(bool=false),%!s(bool=false),%!s(bool=false)
ObjectId(55ddc30a39649411001ee1bd),%!s(bool=true),%!s(bool=false),%!s(bool=false)
ObjectId(55ddd46539649411001ee1c6),%!s(bool=false),%!s(bool=false),%!s(bool=false)
ObjectId(55de3fd5af92ac1100ffc05f),%!s(bool=false),%!s(bool=false),%!s(bool=false)
ObjectId(55de494ce2763511003ea49e),%!s(bool=false),%!s(bool=true),%!s(bool=false)
ObjectId(55de87d45abdb711001a76ba),%!s(bool=false),%!s(bool=false),%!s(bool=false)
ObjectId(55de940b8c37a51100068ed5),%!s(bool=false),%!s(bool=false),%!s(bool=false)
ObjectId(55de94768c37a51100068ed6),%!s(bool=false),%!s(bool=false),%!s(bool=false)
ObjectId(55dea01c8c37a51100068eda),%!s(bool=false),%!s(bool=false),%!s(bool=false)
ObjectId(55decbb65abdb711001a76c8),%!s(bool=false),%!s(bool=false),%!s(bool=false)
ObjectId(55ded7648c37a51100068ee9),%!s(bool=false),%!s(bool=false),%!s(bool=false)
ObjectId(55df3ea8983a8611000a1024),%!s(bool=false),%!s(bool=false),%!s(bool=false)
ObjectId(55df49bd983a8611000a1027),%!s(bool=false),%!s(bool=false),%!s(bool=false)
ObjectId(55df4f2e3c18ea11006058c9),%!s(bool=false),%!s(bool=false),%!s(bool=false)
ObjectId(55df508f3c18ea11006058cb),%!s(bool=false),%!s(bool=false),%!s(bool=false)
ObjectId(55dfcf76cbf8241100f9ffd0),%!s(bool=true),%!s(bool=false),%!s(bool=false)
ObjectId(55e083f7cbf8241100f9fff9),%!s(bool=true),%!s(bool=false),%!s(bool=false)
ObjectId(55e14574120aaf110026fd53),%!s(bool=false),%!s(bool=false),%!s(bool=false)
ObjectId(55e18dcf120aaf110026fd57),%!s(bool=false),%!s(bool=false),%!s(bool=false)
ObjectId(55e207253660c21100685005),%!s(bool=true),%!s(bool=false),%!s(bool=false)
ObjectId(55e25d2eefedb4110083ebbd),%!s(bool=false),%!s(bool=true),%!s(bool=false)
ObjectId(55e2d98362f9601100f59baf),%!s(bool=false),%!s(bool=false),%!s(bool=false)
ObjectId(55e32a3562f9601100f59bb7),%!s(bool=false),%!s(bool=false),%!s(bool=false)
ObjectId(55e36e7148c0771100a07129),%!s(bool=true),%!s(bool=false),%!s(bool=false)
ObjectId(55e397b262f9601100f59bc7),%!s(bool=false),%!s(bool=true),%!s(bool=false)
ObjectId(55e39cd848c0771100a07134),%!s(bool=true),%!s(bool=true),%!s(bool=false)
ObjectId(55e3b0d548c0771100a07136),%!s(bool=false),%!s(bool=false),%!s(bool=false)
ObjectId(55e3bda9ac1b71110060c3b5),%!s(bool=true),%!s(bool=true),%!s(bool=false)
ObjectId(55e3df72ac1b71110060c3b9),%!s(bool=false),%!s(bool=false),%!s(bool=false)
ObjectId(55e3e7bdac1b71110060c3bd),%!s(bool=false),%!s(bool=false),%!s(bool=false)
ObjectId(55e3f91d28d9101100caf70f),%!s(bool=false),%!s(bool=true),%!s(bool=false)
ObjectId(55e41341ac1b71110060c3c8),%!s(bool=false),%!s(bool=false),%!s(bool=false)
ObjectId(55e42150ac1b71110060c3ca),%!s(bool=false),%!s(bool=false),%!s(bool=false)
ObjectId(55e4b521f9765b1100a503c2),%!s(bool=false),%!s(bool=false),%!s(bool=false)
ObjectId(55e4b823f9765b1100a503c5),%!s(bool=false),%!s(bool=false),%!s(bool=false)
ObjectId(55e4de91f9765b1100a503d0),%!s(bool=false),%!s(bool=false),%!s(bool=false)
ObjectId(55e508895cc0601100fe0270),%!s(bool=false),%!s(bool=true),%!s(bool=false)
ObjectId(55e5133caab0f1110088a04a),%!s(bool=false),%!s(bool=false),%!s(bool=false)
ObjectId(55e5581d31b5b71100083002),%!s(bool=false),%!s(bool=false),%!s(bool=false)
ObjectId(55e5d01531b5b7110008300d),%!s(bool=true),%!s(bool=false),%!s(bool=false)
ObjectId(55e61ba631b5b71100083020),%!s(bool=false),%!s(bool=true),%!s(bool=false)
ObjectId(55e698f57776c51100c67ad4),%!s(bool=false),%!s(bool=false),%!s(bool=false)
ObjectId(55e6ec877776c51100c67ada),%!s(bool=false),%!s(bool=false),%!s(bool=false)
ObjectId(55e6f5ee7776c51100c67adc),%!s(bool=false),%!s(bool=false),%!s(bool=false)
ObjectId(55e6fee5418f711100e65acf),%!s(bool=false),%!s(bool=false),%!s(bool=false)
ObjectId(55e72ca0418f711100e65ae1),%!s(bool=false),%!s(bool=true),%!s(bool=false)
ObjectId(55e72e8c7776c51100c67afd),%!s(bool=false),%!s(bool=false),%!s(bool=false)
ObjectId(55e73f3c418f711100e65aee),%!s(bool=false),%!s(bool=false),%!s(bool=false)
ObjectId(55e77760418f711100e65b01),%!s(bool=true),%!s(bool=false),%!s(bool=false)
ObjectId(55e7a2255db01c1100e08b1a),%!s(bool=false),%!s(bool=false),%!s(bool=false)
ObjectId(55e7c044f44aff11007daba9),%!s(bool=false),%!s(bool=false),%!s(bool=false)
ObjectId(55e7c24df44aff11007dabad),%!s(bool=true),%!s(bool=false),%!s(bool=false)
ObjectId(55e7c2d9f44aff11007dabae),%!s(bool=true),%!s(bool=true),%!s(bool=false)
ObjectId(55e82aba053d9a1100630159),%!s(bool=true),%!s(bool=true),%!s(bool=false)
ObjectId(55e86f1163b73f1100ec8b10),%!s(bool=false),%!s(bool=true),%!s(bool=false)
ObjectId(55e8793f63b73f1100ec8b14),%!s(bool=false),%!s(bool=false),%!s(bool=false)
ObjectId(55e8fc75a2c57011008e275e),%!s(bool=false),%!s(bool=false),%!s(bool=false)
ObjectId(55e96657a2c57011008e276c),%!s(bool=false),%!s(bool=false),%!s(bool=false)
ObjectId(55e9c3295d01aa1100daf6ae),%!s(bool=false),%!s(bool=false),%!s(bool=false)
ObjectId(55e9d2afb0ee411100191f47),%!s(bool=false),%!s(bool=false),%!s(bool=false)
ObjectId(55e9e4aab0ee411100191f4d),%!s(bool=false),%!s(bool=false),%!s(bool=false)
ObjectId(55ea0208b0ee411100191f54),%!s(bool=false),%!s(bool=false),%!s(bool=false)
ObjectId(55ea457f0f40db1100075292),%!s(bool=false),%!s(bool=false),%!s(bool=false)
ObjectId(55ea45f60f40db1100075296),%!s(bool=true),%!s(bool=false),%!s(bool=true)
ObjectId(55eafa9b5d01aa1100daf6d7),%!s(bool=false),%!s(bool=false),%!s(bool=false)
ObjectId(55eb24e4fd5cda110087fbf3),%!s(bool=true),%!s(bool=false),%!s(bool=false)
ObjectId(55eb5073fd5cda110087fbff),%!s(bool=true),%!s(bool=false),%!s(bool=false)
ObjectId(55eb85bf1a71ac1100def0ca),%!s(bool=false),%!s(bool=false),%!s(bool=false)
ObjectId(55eb9b181a71ac1100def0cd),%!s(bool=false),%!s(bool=true),%!s(bool=false)
ObjectId(55ec87296a187b110052edc5),%!s(bool=false),%!s(bool=false),%!s(bool=false)
ObjectId(55ecd98caec6cb110051370a),%!s(bool=false),%!s(bool=true),%!s(bool=false)
ObjectId(55ed33e743d619110028810b),%!s(bool=true),%!s(bool=true),%!s(bool=false)
ObjectId(55ed799ae06f6311009b3eee),%!s(bool=true),%!s(bool=true),%!s(bool=false)
ObjectId(55edc6835f6e421100b28dbc),%!s(bool=false),%!s(bool=false),%!s(bool=false)
ObjectId(55edd4f1090295110020c734),%!s(bool=false),%!s(bool=false),%!s(bool=false)
ObjectId(55ee1000a3c1e711005e837c),%!s(bool=false),%!s(bool=false),%!s(bool=false)
ObjectId(55ee2260bd2bbe1100fd0ee6),%!s(bool=true),%!s(bool=false),%!s(bool=false)
ObjectId(55ee5916c2bcea1100440813),%!s(bool=false),%!s(bool=false),%!s(bool=false)
ObjectId(55ee5e19c2bcea1100440814),%!s(bool=false),%!s(bool=true),%!s(bool=false)
ObjectId(55ee8e0bc3840a1100a76c00),%!s(bool=false),%!s(bool=false),%!s(bool=false)
ObjectId(55ee936a9576df11009298a6),%!s(bool=false),%!s(bool=false),%!s(bool=false)
ObjectId(55eea55ac3840a1100a76c1b),%!s(bool=false),%!s(bool=false),%!s(bool=false)
ObjectId(55eea6389576df11009298b9),%!s(bool=false),%!s(bool=false),%!s(bool=false)
ObjectId(55eea7bd9576df11009298ba),%!s(bool=false),%!s(bool=false),%!s(bool=false)
ObjectId(55eea81c9576df11009298bb),%!s(bool=false),%!s(bool=false),%!s(bool=false)
ObjectId(55eea9bb9576df11009298bf),%!s(bool=false),%!s(bool=false),%!s(bool=false)
ObjectId(55eeaed69576df11009298c5),%!s(bool=false),%!s(bool=false),%!s(bool=false)
ObjectId(55eeb43a9576df11009298c7),%!s(bool=false),%!s(bool=false),%!s(bool=false)
ObjectId(55eec4bf9576df11009298d0),%!s(bool=false),%!s(bool=false),%!s(bool=false)
ObjectId(55eeccb29576df11009298d8),%!s(bool=false),%!s(bool=false),%!s(bool=false)
ObjectId(55eedc59c3840a1100a76c56),%!s(bool=false),%!s(bool=false),%!s(bool=false)
ObjectId(55eeddbd9576df11009298ef),%!s(bool=false),%!s(bool=false),%!s(bool=false)
ObjectId(55eee5779576df11009298fe),%!s(bool=false),%!s(bool=false),%!s(bool=false)
ObjectId(55eef328145682110053f3ef),%!s(bool=false),%!s(bool=false),%!s(bool=false)
ObjectId(55eef4a020a34a110091883d),%!s(bool=false),%!s(bool=false),%!s(bool=false)
ObjectId(55eef55f20a34a110091883f),%!s(bool=false),%!s(bool=false),%!s(bool=false)
ObjectId(55ef01ebc9da941100e10ee4),%!s(bool=false),%!s(bool=false),%!s(bool=false)
ObjectId(55ef0e48e09e5e1100ee8888),%!s(bool=false),%!s(bool=false),%!s(bool=false)
ObjectId(55ef17041582c41100b1f30f),%!s(bool=false),%!s(bool=false),%!s(bool=false)
ObjectId(55ef1f79127a111100994d8f),%!s(bool=false),%!s(bool=false),%!s(bool=false)
ObjectId(55ef295b1ad09b1100ca1275),%!s(bool=false),%!s(bool=false),%!s(bool=false)
ObjectId(55ef3bf2843ede11009d345f),%!s(bool=false),%!s(bool=false),%!s(bool=false)
ObjectId(55ef52a4a2862f110040f31b),%!s(bool=false),%!s(bool=false),%!s(bool=false)
ObjectId(55ef5766dd0c9611005534ae),%!s(bool=false),%!s(bool=false),%!s(bool=false)
ObjectId(55ef6d6a9de94211001868ce),%!s(bool=false),%!s(bool=false),%!s(bool=false)
ObjectId(55ef79b6af63d81100a6cc37),%!s(bool=false),%!s(bool=false),%!s(bool=false)
ObjectId(55ef86eb0d7efd110045d713),%!s(bool=false),%!s(bool=false),%!s(bool=false)
ObjectId(55ef889fe5ea5c11005af3ad),%!s(bool=false),%!s(bool=false),%!s(bool=false)
ObjectId(55ef8f60ad58c211001e9805),%!s(bool=false),%!s(bool=false),%!s(bool=false)
ObjectId(55efbf1c9de94211001868db),%!s(bool=false),%!s(bool=false),%!s(bool=false)
ObjectId(55efff10a2862f110040f335),%!s(bool=false),%!s(bool=false),%!s(bool=false)
ObjectId(55f04a209de94211001868f6),%!s(bool=false),%!s(bool=false),%!s(bool=false)
ObjectId(55f04c2b9de94211001868ff),%!s(bool=false),%!s(bool=false),%!s(bool=false)
ObjectId(55f04c463910841100a9bd53),%!s(bool=false),%!s(bool=false),%!s(bool=false)
ObjectId(55f050476200e81100ff0814),%!s(bool=false),%!s(bool=false),%!s(bool=false)
ObjectId(55f05cf1af63d81100a6cc58),%!s(bool=false),%!s(bool=false),%!s(bool=false)
ObjectId(55f05d3eaf63d81100a6cc5a),%!s(bool=false),%!s(bool=false),%!s(bool=false)
ObjectId(55f065793910841100a9bd5b),%!s(bool=false),%!s(bool=false),%!s(bool=false)
ObjectId(55f09334a49129110021b085),%!s(bool=false),%!s(bool=false),%!s(bool=false)
ObjectId(55f0940e0d7efd110045d73c),%!s(bool=false),%!s(bool=false),%!s(bool=false)
ObjectId(55f0b5ff8a12fb1100608478),%!s(bool=false),%!s(bool=false),%!s(bool=false)
ObjectId(55f0ccdff7bef21100e2c8a5),%!s(bool=false),%!s(bool=false),%!s(bool=false)
ObjectId(55f12f16f7bef21100e2c8a9),%!s(bool=true),%!s(bool=false),%!s(bool=false)
ObjectId(55f13151e5365c1100ebb35c),%!s(bool=false),%!s(bool=false),%!s(bool=false)
ObjectId(55f1568f8a12fb1100608482),%!s(bool=false),%!s(bool=false),%!s(bool=false)
ObjectId(55f188b289f4b411004a8ee1),%!s(bool=false),%!s(bool=false),%!s(bool=false)
ObjectId(55f18b927591c91100d220b7),%!s(bool=true),%!s(bool=false),%!s(bool=false)
ObjectId(55f19e05af0926110018c58a),%!s(bool=true),%!s(bool=false),%!s(bool=false)
ObjectId(55f19f0ca0dd8511000904b2),%!s(bool=true),%!s(bool=false),%!s(bool=false)
ObjectId(55f1b0cda0dd8511000904b8),%!s(bool=false),%!s(bool=false),%!s(bool=false)
ObjectId(55f1b185a0dd8511000904ba),%!s(bool=false),%!s(bool=false),%!s(bool=false)
ObjectId(55f1e636c7123a110033aba9),%!s(bool=false),%!s(bool=false),%!s(bool=false)
ObjectId(55f205aec7123a110033abb6),%!s(bool=true),%!s(bool=false),%!s(bool=false)
ObjectId(55f20c2a253a661100f54493),%!s(bool=false),%!s(bool=false),%!s(bool=false)
ObjectId(55f271db70b6e71100698c09),%!s(bool=false),%!s(bool=false),%!s(bool=false)
ObjectId(55f2ab0399807c1100c4ba2c),%!s(bool=false),%!s(bool=false),%!s(bool=false)
ObjectId(55f2bd2399807c1100c4ba31),%!s(bool=false),%!s(bool=false),%!s(bool=false)
ObjectId(55f2cc5199807c1100c4ba36),%!s(bool=false),%!s(bool=false),%!s(bool=false)
ObjectId(55f2e16b3dea371100395479),%!s(bool=false),%!s(bool=false),%!s(bool=false)
ObjectId(55f3139421e1ee1100fd6c65),%!s(bool=false),%!s(bool=true),%!s(bool=false)
ObjectId(55f34f91ce71331100f7bc12),%!s(bool=true),%!s(bool=false),%!s(bool=false)
ObjectId(55f35811ce71331100f7bc17),%!s(bool=false),%!s(bool=false),%!s(bool=false)
ObjectId(55f3d3e800111e110038df9f),%!s(bool=false),%!s(bool=false),%!s(bool=false)
ObjectId(55f3e39200111e110038dfc9),%!s(bool=false),%!s(bool=false),%!s(bool=false)
ObjectId(55f3f463d2ab3c11006b936e),%!s(bool=false),%!s(bool=false),%!s(bool=false)
ObjectId(55f40d997827321100fd1094),%!s(bool=false),%!s(bool=false),%!s(bool=false)
ObjectId(55f41b8009b4061100b2315d),%!s(bool=false),%!s(bool=false),%!s(bool=false)
ObjectId(55f49d357827321100fd109e),%!s(bool=false),%!s(bool=false),%!s(bool=false)
ObjectId(55f5bf5c37e1221100e094b6),%!s(bool=true),%!s(bool=false),%!s(bool=false)
ObjectId(55f62d3737e1221100e094c4),%!s(bool=false),%!s(bool=false),%!s(bool=false)
ObjectId(55f62fbf37e1221100e094c7),%!s(bool=false),%!s(bool=false),%!s(bool=false)
ObjectId(55f6b3a11b05e311006a5cbf),%!s(bool=false),%!s(bool=false),%!s(bool=false)
ObjectId(55f6e8fb9003901100a723c6),%!s(bool=false),%!s(bool=false),%!s(bool=false)
ObjectId(55f6ec24a0091911003f9620),%!s(bool=false),%!s(bool=true),%!s(bool=false)
ObjectId(55f6ec2a9003901100a723c9),%!s(bool=true),%!s(bool=false),%!s(bool=false)
ObjectId(55f6f3dea2a0b211002dd8a7),%!s(bool=false),%!s(bool=false),%!s(bool=false)
ObjectId(55f7073ea2a0b211002dd8b0),%!s(bool=false),%!s(bool=false),%!s(bool=false)
ObjectId(55f714099003901100a723df),%!s(bool=false),%!s(bool=false),%!s(bool=false)
ObjectId(55f73d2b42e1b511007c91b7),%!s(bool=false),%!s(bool=false),%!s(bool=false)
ObjectId(55f7472c42e1b511007c91bd),%!s(bool=false),%!s(bool=false),%!s(bool=false)
ObjectId(55f7740ddd0efb11003e4247),%!s(bool=true),%!s(bool=false),%!s(bool=false)
ObjectId(55f775d9dfee6f11008cced9),%!s(bool=false),%!s(bool=false),%!s(bool=false)
ObjectId(55f7cb7cdd0efb11003e425c),%!s(bool=false),%!s(bool=false),%!s(bool=false)
ObjectId(55f88c3b5249b91100b253af),%!s(bool=false),%!s(bool=false),%!s(bool=false)
ObjectId(55f8a0de6119e4110076cc29),%!s(bool=true),%!s(bool=false),%!s(bool=false)
ObjectId(55f8a84c5249b91100b253b3),%!s(bool=true),%!s(bool=true),%!s(bool=false)
ObjectId(55f8cbf45249b91100b253c3),%!s(bool=false),%!s(bool=false),%!s(bool=false)
ObjectId(55f95ed64b1a161100d3a004),%!s(bool=false),%!s(bool=false),%!s(bool=false)
ObjectId(55f9dc208fdf781100abd77b),%!s(bool=false),%!s(bool=false),%!s(bool=false)
ObjectId(55f9dff98fdf781100abd77f),%!s(bool=false),%!s(bool=false),%!s(bool=false)
ObjectId(55fa4236aa03771100004803),%!s(bool=false),%!s(bool=false),%!s(bool=false)
ObjectId(55fa86e9b9f9b41100e1e944),%!s(bool=false),%!s(bool=false),%!s(bool=false)
ObjectId(55fa9dc98d7553110036da28),%!s(bool=false),%!s(bool=false),%!s(bool=false)
ObjectId(55fb00108d7553110036da31),%!s(bool=false),%!s(bool=false),%!s(bool=false)
ObjectId(55fb2a33a091881100387e3f),%!s(bool=false),%!s(bool=false),%!s(bool=false)
ObjectId(55fbbe4b319bd3110070494d),%!s(bool=false),%!s(bool=false),%!s(bool=false)
ObjectId(55fc7901319bd3110070495a),%!s(bool=false),%!s(bool=false),%!s(bool=false)
ObjectId(55fc8c9c6c0e1e110062c086),%!s(bool=false),%!s(bool=true),%!s(bool=false)
ObjectId(55fcc5040072ae1100cccbb3),%!s(bool=false),%!s(bool=true),%!s(bool=false)
ObjectId(55fcd42d6d60cc110029f6a5),%!s(bool=false),%!s(bool=false),%!s(bool=false)
ObjectId(55fd72b55819c91100491e7c),%!s(bool=false),%!s(bool=false),%!s(bool=false)
ObjectId(55fdd3f433d19311001992f9),%!s(bool=false),%!s(bool=false),%!s(bool=false)
ObjectId(55fe1c6609c1661100b318fe),%!s(bool=false),%!s(bool=false),%!s(bool=false)
ObjectId(560cdede10afff1100977460),%!s(bool=false),%!s(bool=false),%!s(bool=false)
ObjectId(55ff7742b8d53c1100558c6c),%!s(bool=false),%!s(bool=false),%!s(bool=false)
ObjectId(560037330ed40211000e0de1),%!s(bool=false),%!s(bool=false),%!s(bool=false)
ObjectId(56005ac10ed40211000e0de8),%!s(bool=false),%!s(bool=false),%!s(bool=false)
ObjectId(56006784edf94d11009b047a),%!s(bool=false),%!s(bool=false),%!s(bool=false)
ObjectId(560082b826ffbb1100302074),%!s(bool=false),%!s(bool=false),%!s(bool=false)
ObjectId(5600dcf9ddaa8d110003d4a0),%!s(bool=false),%!s(bool=false),%!s(bool=false)
ObjectId(560115f2ddaa8d110003d4a5),%!s(bool=false),%!s(bool=false),%!s(bool=false)
ObjectId(560192b7ee5c151100dd3943),%!s(bool=false),%!s(bool=false),%!s(bool=false)
ObjectId(560192e51768aa11009ca428),%!s(bool=false),%!s(bool=false),%!s(bool=false)
ObjectId(5601946f1dbe38110047858b),%!s(bool=false),%!s(bool=false),%!s(bool=false)
ObjectId(56019e2b1768aa11009ca42a),%!s(bool=false),%!s(bool=false),%!s(bool=false)
ObjectId(5601a9c61dbe38110047858f),%!s(bool=false),%!s(bool=false),%!s(bool=false)
ObjectId(5601b28a1768aa11009ca430),%!s(bool=false),%!s(bool=false),%!s(bool=false)
ObjectId(5601b57dee5c151100dd3948),%!s(bool=false),%!s(bool=false),%!s(bool=false)
ObjectId(5601e31f92f23e110010fe91),%!s(bool=false),%!s(bool=false),%!s(bool=false)
ObjectId(56026f6f0f71d81100623dea),%!s(bool=false),%!s(bool=false),%!s(bool=false)
ObjectId(56027f136c5b751100c994d9),%!s(bool=false),%!s(bool=false),%!s(bool=false)
ObjectId(5602963f6c5b751100c994db),%!s(bool=false),%!s(bool=false),%!s(bool=false)
ObjectId(5602c3bb0f71d81100623df0),%!s(bool=false),%!s(bool=false),%!s(bool=false)
ObjectId(5602c3fc4fd9941100c65d8c),%!s(bool=false),%!s(bool=false),%!s(bool=false)
ObjectId(5602d2dc4fd9941100c65d8f),%!s(bool=false),%!s(bool=false),%!s(bool=false)
ObjectId(5603084c0f71d81100623e04),%!s(bool=false),%!s(bool=false),%!s(bool=false)
ObjectId(560312020f71d81100623e07),%!s(bool=false),%!s(bool=false),%!s(bool=false)
ObjectId(56038ffe485151110053b505),%!s(bool=true),%!s(bool=false),%!s(bool=false)
ObjectId(5603ea610c870e110011716d),%!s(bool=false),%!s(bool=false),%!s(bool=false)
ObjectId(5603eb760c870e110011716e),%!s(bool=false),%!s(bool=false),%!s(bool=false)
ObjectId(56042ea47f39961100f006f6),%!s(bool=false),%!s(bool=false),%!s(bool=false)
ObjectId(5604df1861ef1d1100db5cb7),%!s(bool=false),%!s(bool=false),%!s(bool=false)
ObjectId(560539c76ac39611005009d8),%!s(bool=false),%!s(bool=false),%!s(bool=false)
ObjectId(560573ae54762b11005d657a),%!s(bool=false),%!s(bool=false),%!s(bool=false)
ObjectId(560785f25dc47f1100cee68e),%!s(bool=false),%!s(bool=false),%!s(bool=false)
ObjectId(560805fb84934d11002c4ae5),%!s(bool=false),%!s(bool=false),%!s(bool=false)
ObjectId(56090ea29f9854110056e9b3),%!s(bool=false),%!s(bool=false),%!s(bool=false)
ObjectId(560927fce2e9ac110058bf31),%!s(bool=false),%!s(bool=false),%!s(bool=false)
ObjectId(56093ed17f88b31100c6b91f),%!s(bool=false),%!s(bool=false),%!s(bool=false)
ObjectId(56094882b59539110055bcca),%!s(bool=false),%!s(bool=false),%!s(bool=false)
ObjectId(5609537be2e9ac110058bf34),%!s(bool=false),%!s(bool=false),%!s(bool=false)
ObjectId(56096ca37f88b31100c6b924),%!s(bool=false),%!s(bool=false),%!s(bool=false)
ObjectId(5609d0252b790611003ff2f1),%!s(bool=false),%!s(bool=false),%!s(bool=false)
ObjectId(560a9f723e4cee11006152d4),%!s(bool=false),%!s(bool=false),%!s(bool=false)
ObjectId(55b0063e8077241100e4d30e),%!s(bool=false),%!s(bool=false),%!s(bool=false)
ObjectId(546faff20bce9a0200f45deb),%!s(bool=true),%!s(bool=false),%!s(bool=false)
ObjectId(55a182e7ad191e03008b5e71),%!s(bool=true),%!s(bool=false),%!s(bool=false)
ObjectId(55b87ad5615290110080755c),%!s(bool=true),%!s(bool=false),%!s(bool=false)
ObjectId(55d7ae46c6860f11004b92f2),%!s(bool=false),%!s(bool=false),%!s(bool=false)
ObjectId(560b57a714126f11002d3cb7),%!s(bool=true),%!s(bool=false),%!s(bool=false)
ObjectId(560b3d9bb479ee1100f5c730),%!s(bool=false),%!s(bool=false),%!s(bool=false)
ObjectId(560b5e80c6e30b1100a88319),%!s(bool=false),%!s(bool=false),%!s(bool=false)
ObjectId(560b6276c6e30b1100a8831b),%!s(bool=false),%!s(bool=false),%!s(bool=false)
ObjectId(560b6308c4c1a0110093c25f),%!s(bool=false),%!s(bool=false),%!s(bool=false)
ObjectId(560b65c5c6e30b1100a8831d),%!s(bool=false),%!s(bool=false),%!s(bool=false)
ObjectId(560bf06cc4c1a0110093c267),%!s(bool=false),%!s(bool=false),%!s(bool=false)
ObjectId(55ff0e80cacef91100092a09),%!s(bool=false),%!s(bool=false),%!s(bool=false)
ObjectId(560cd9d5d5ca751100d26dbf),%!s(bool=false),%!s(bool=false),%!s(bool=false)
ObjectId(560ce1e710afff1100977463),%!s(bool=false),%!s(bool=false),%!s(bool=false)
ObjectId(560cdf9f10afff1100977461),%!s(bool=false),%!s(bool=false),%!s(bool=false)
ObjectId(560ce4c93d1d62110078f67a),%!s(bool=false),%!s(bool=false),%!s(bool=false)
ObjectId(560ce6ca10afff1100977464),%!s(bool=false),%!s(bool=false),%!s(bool=false)
ObjectId(560ce8bb3d1d62110078f67d),%!s(bool=false),%!s(bool=false),%!s(bool=false)
ObjectId(560cedf854a35d1100ea9bd2),%!s(bool=false),%!s(bool=false),%!s(bool=false)
ObjectId(560cee603279931100aafd9c),%!s(bool=false),%!s(bool=false),%!s(bool=false)
ObjectId(560ceebc3279931100aafd9d),%!s(bool=false),%!s(bool=false),%!s(bool=false)
ObjectId(560cf1322134f7110058b5c5),%!s(bool=false),%!s(bool=false),%!s(bool=false)
ObjectId(560cf1a3b6843a1100d935c7),%!s(bool=false),%!s(bool=false),%!s(bool=false)
ObjectId(560cf74c2134f7110058b5c6),%!s(bool=false),%!s(bool=false),%!s(bool=false)
ObjectId(560cf4cfb6843a1100d935c8),%!s(bool=false),%!s(bool=false),%!s(bool=false)
ObjectId(560d03b5b6843a1100d935cb),%!s(bool=false),%!s(bool=false),%!s(bool=false)
ObjectId(560d352f7426711100697fd8),%!s(bool=false),%!s(bool=false),%!s(bool=false)
ObjectId(560d315f79ae80110009a103),%!s(bool=false),%!s(bool=false),%!s(bool=false)
ObjectId(560d54753e19fa1100e70d3f),%!s(bool=false),%!s(bool=false),%!s(bool=false)
ObjectId(560d6ed83e19fa1100e70d48),%!s(bool=false),%!s(bool=false),%!s(bool=false)
ObjectId(560d70d179ae80110009a115),%!s(bool=false),%!s(bool=false),%!s(bool=false)
ObjectId(560d740479ae80110009a116),%!s(bool=false),%!s(bool=false),%!s(bool=false)
ObjectId(560d775979ae80110009a119),%!s(bool=false),%!s(bool=false),%!s(bool=false)
ObjectId(560d6ac67426711100697fe7),%!s(bool=false),%!s(bool=false),%!s(bool=false)
ObjectId(560d8affaaa1ae110002f65a),%!s(bool=false),%!s(bool=false),%!s(bool=false)
ObjectId(560d8dd3aaa1ae110002f65b),%!s(bool=false),%!s(bool=false),%!s(bool=false)
ObjectId(560d903b93f3161100400f63),%!s(bool=false),%!s(bool=false),%!s(bool=false)
ObjectId(560d9610aaa1ae110002f662),%!s(bool=false),%!s(bool=false),%!s(bool=false)
ObjectId(560db4bd93f3161100400f6a),%!s(bool=false),%!s(bool=false),%!s(bool=false)
ObjectId(560db4c8438ed01100a164a9),%!s(bool=false),%!s(bool=false),%!s(bool=false)
ObjectId(560dc593438ed01100a164ad),%!s(bool=false),%!s(bool=false),%!s(bool=false)
ObjectId(560dd92893f3161100400f6c),%!s(bool=false),%!s(bool=false),%!s(bool=false)
ObjectId(560de97993f3161100400f70),%!s(bool=false),%!s(bool=false),%!s(bool=false)
ObjectId(560df7ee93f3161100400f74),%!s(bool=false),%!s(bool=false),%!s(bool=false)
ObjectId(560ec518b4c31b1100bd6e0f),%!s(bool=false),%!s(bool=false),%!s(bool=false)
ObjectId(560ed3f7516c6a11006f11f0),%!s(bool=false),%!s(bool=false),%!s(bool=false)
ObjectId(560eda155653981100c3bd85),%!s(bool=false),%!s(bool=false),%!s(bool=false)
ObjectId(560f178a94d0131100564e80),%!s(bool=false),%!s(bool=false),%!s(bool=false)
ObjectId(560f326ea1dade110022625f),%!s(bool=false),%!s(bool=false),%!s(bool=false)
ObjectId(560fd9eb5f48ef1100dab0de),%!s(bool=false),%!s(bool=false),%!s(bool=false)
ObjectId(5611aa8f416f1f1100f80a4e),%!s(bool=false),%!s(bool=false),%!s(bool=false)
ObjectId(5611b71e1921fa11000ae442),%!s(bool=false),%!s(bool=false),%!s(bool=false)
ObjectId(5611f66e689b8911004114c9),%!s(bool=false),%!s(bool=false),%!s(bool=false)
ObjectId(54703848d4d6480200587105),%!s(bool=false),,
ObjectId(5612b30ac42b9e1100df0176),%!s(bool=false),%!s(bool=false),%!s(bool=false)
ObjectId(55ecc4541d4f311100ce5495),%!s(bool=false),%!s(bool=false),%!s(bool=false)
ObjectId(5612ecb7305d4811006d3e72),%!s(bool=false),%!s(bool=false),%!s(bool=false)
ObjectId(54e2f7aa4bfd3303003b5726),%!s(bool=false),,
ObjectId(561366449a4d771100b7415b),%!s(bool=false),%!s(bool=false),%!s(bool=false)
ObjectId(56139e5a7c32981100c88d84),%!s(bool=false),%!s(bool=false),%!s(bool=false)
ObjectId(5613d97d612dc711000300a6),%!s(bool=false),%!s(bool=false),%!s(bool=false)
ObjectId(5613c52bf2e1421100f2f287),%!s(bool=false),%!s(bool=false),%!s(bool=false)
ObjectId(56147eb0a682791100400c3b),%!s(bool=false),%!s(bool=false),%!s(bool=false)
ObjectId(56157b2f59dacf1100724d41),%!s(bool=false),%!s(bool=false),%!s(bool=false)
ObjectId(55d63d7baef5d71100e2f0e1),%!s(bool=false),%!s(bool=false),%!s(bool=false)
ObjectId(5615b33862699a1100b899ba),%!s(bool=false),%!s(bool=false),%!s(bool=false)
ObjectId(5615cf2162699a1100b899bc),%!s(bool=false),%!s(bool=false),%!s(bool=false)
ObjectId(5615e7ba62699a1100b899bf),%!s(bool=false),%!s(bool=false),%!s(bool=false)
ObjectId(5615f2968341dd1100dde628),%!s(bool=false),%!s(bool=false),%!s(bool=false)
ObjectId(56164bbd59dacf1100724d5d),%!s(bool=false),%!s(bool=false),%!s(bool=false)
ObjectId(5616785cabb7cc110076615e),%!s(bool=false),%!s(bool=false),%!s(bool=false)
ObjectId(561682de62699a1100b899c7),%!s(bool=false),%!s(bool=false),%!s(bool=false)
ObjectId(561685dbabb7cc1100766161),%!s(bool=false),%!s(bool=false),%!s(bool=false)
ObjectId(5616be8c59dacf1100724d6e),%!s(bool=false),%!s(bool=false),%!s(bool=false)
ObjectId(5617f3a25ea7941100b11c38),%!s(bool=false),%!s(bool=false),%!s(bool=false)
